Lines,Lon,VehicleNumber,Time,Lat,Brigade,v,SpeedingsNearby
182,21.046127,7303,2024-06-20 16:08:30,52.224819,9,50.62716416851117,30.0
143,21.0461501,7857,2024-06-20 16:12:54,52.22485,7,53.4522818336342,30.0
151,21.0474984,7864,2024-06-20 16:00:03,52.2251184,3,56.22377418218893,30.0
151,21.0466799,7841,2024-06-20 15:49:41,52.2249557,07,53.81545478276145,29.0
523,21.047965,5250,2024-06-20 16:17:47,52.225126,13,66.37561003059828,29.0
525,21.0479062,7730,2024-06-20 16:02:28,52.225187,011,57.319268723316085,29.0
141,21.045843,7310,2024-06-20 15:51:02,52.224773,3,63.931016067028196,29.0
143,21.0466101,8855,2024-06-20 16:06:10,52.2249546,6,53.00465879134716,28.0
151,21.0467903,8846,2024-06-20 16:10:32,52.2249655,06,50.1965709129449,28.0
520,21.046591,7322,2024-06-20 16:16:21,52.224937,010,57.33729937945481,28.0
520,21.0474425,7882,2024-06-20 16:06:27,52.225111,8,57.69166719428461,28.0
411,21.0467974,7844,2024-06-20 16:19:16,52.2249765,463,60.15154459888357,28.0
141,21.047819,7310,2024-06-20 15:50:54,52.225182,3,57.472269515447955,28.0
502,21.0467755,7839,2024-06-20 16:15:55,52.224981,462,77.95254024979269,28.0
514,21.046835,7884,2024-06-20 15:50:05,52.224951,2,60.915139613646424,28.0
525,21.0480781,7740,2024-06-20 15:53:25,52.2252201,7,51.57975150577367,28.0
143,21.0466021,7845,2024-06-20 15:56:24,52.2249284,5,54.66656276190859,28.0
151,21.047813,7324,2024-06-20 16:20:17,52.225204,1,55.81775801057146,28.0
138,21.047363,5452,2024-06-20 15:49:02,52.225086,8,86.79445548304456,27.0
192,21.0176922,1026,2024-06-20 15:52:46,52.1591272,06,59.85497663791599,27.0
143,21.047186,7857,2024-06-20 16:12:49,52.2250576,7,56.03212980672284,27.0
525,21.0735804,7885,2024-06-20 16:08:30,52.2318395,319,60.01286863515405,27.0
520,21.0735126,8848,2024-06-20 15:48:19,52.2317793,3,58.31282675842461,27.0
411,21.0471526,8830,2024-06-20 15:51:51,52.2249653,720,62.62084061399154,27.0
709,21.0178267,8346,2024-06-20 16:15:32,52.1592383,1,59.02441745683901,27.0
143,21.0737516,7870,2024-06-20 16:03:55,52.2320054,3,50.65005908154539,27.0
525,21.0471562,7873,2024-06-20 16:18:54,52.2250412,012,51.08657762824336,27.0
182,21.045677,2205,2024-06-20 16:19:14,52.224751,1,75.00462381825082,26.0
523,21.0464,6206,2024-06-20 15:53:47,52.224892,10,74.0737545791064,26.0
151,21.0736304,7851,2024-06-20 15:50:54,52.2318449,04,51.089429935830694,26.0
143,21.0455307,7845,2024-06-20 15:56:28,52.2247162,5,69.02745301268321,26.0
182,21.07365,8576,2024-06-20 15:51:43,52.23188,2,50.311052709757206,26.0
182,21.0473,7303,2024-06-20 16:08:24,52.225063,9,65.06080162077104,26.0
188,21.073942,7319,2024-06-20 15:50:41,52.232048,07,55.90355766416775,26.0
520,21.0736637,7747,2024-06-20 15:53:52,52.2318674,4,52.459475242255266,26.0
502,21.0472731,7754,2024-06-20 16:06:11,52.2250575,1,55.64532040279447,26.0
151,21.0737847,7817,2024-06-20 15:56:03,52.2319339,2,59.67932958840287,26.0
411,21.046285,8396,2024-06-20 15:57:48,52.2249333,03,59.989462786290076,26.0
520,21.0483352,7882,2024-06-20 16:06:23,52.2252935,8,59.85593621696802,26.0
143,21.0735778,8843,2024-06-20 15:52:58,52.2319341,011,70.32166626500263,26.0
520,21.0733711,8850,2024-06-20 16:05:01,52.2316933,011,63.453698515233356,25.0
509,20.9969494,7858,2024-06-20 15:58:47,52.2959732,10,54.015803610711,25.0
188,21.0741906,7838,2024-06-20 15:59:11,52.2325639,4,51.13067330416615,25.0
739,21.017275,9329,2024-06-20 16:18:43,52.158707,3,60.36837879008318,25.0
326,20.996908,9440,2024-06-20 15:52:49,52.295998,3,62.66831152866598,25.0
520,21.0743315,3435,2024-06-20 16:17:29,52.2323481,5,53.207825265783605,25.0
502,21.0744125,7708,2024-06-20 15:56:22,52.2323104,467,53.703971420991884,25.0
143,21.0750361,7732,2024-06-20 16:23:03,52.232791,012,51.843028245322046,25.0
525,21.073397,7753,2024-06-20 16:06:30,52.2320594,8,54.12670281411834,25.0
523,21.074354,2228,2024-06-20 16:12:36,52.232361,714,50.53421196607558,25.0
192,21.017384,1028,2024-06-20 15:50:40,52.157715,1,65.00389416986589,25.0
525,21.0354285,7885,2024-06-20 16:02:07,52.2217942,319,54.55380567117583,25.0
182,21.0748073,7874,2024-06-20 16:11:35,52.2325966,4,59.34409645313803,25.0
523,21.0743305,7889,2024-06-20 16:12:15,52.2322871,16,52.013993679516275,25.0
727,21.017313,8501,2024-06-20 16:08:07,52.159228,04,56.48722024726543,25.0
709,21.0172493,8891,2024-06-20 16:14:38,52.1592153,012,55.75942393743086,25.0
326,20.994457,9415,2024-06-20 16:18:25,52.287136,06,50.89427792797553,24.0
739,21.017294,9328,2024-06-20 16:04:55,52.158581,2,58.34375870431714,24.0
326,20.996881,9415,2024-06-20 16:17:05,52.295998,06,54.83961821465501,24.0
518,20.997478,5977,2024-06-20 16:03:16,52.295849,011,60.09115494337752,24.0
186,20.997246,9904,2024-06-20 16:03:54,52.296078,2,65.18028605042208,24.0
411,21.0353495,8854,2024-06-20 16:12:46,52.2217705,468,63.28160585811639,24.0
502,21.036249,8830,2024-06-20 16:20:14,52.222033,720,57.40189298166055,24.0
188,21.074451,2248,2024-06-20 16:14:08,52.232716,5,59.87009837392346,24.0
509,20.9971963,3421,2024-06-20 16:14:43,52.2957693,12,60.28728725324758,24.0
192,21.017302,1064,2024-06-20 16:23:14,52.158409,2,65.47242289245932,24.0
730,21.1335145,1855,2024-06-20 16:14:53,52.2312516,52,50.87432708600549,24.0
705,20.996876,5421,2024-06-20 15:54:26,52.296009,1,64.31088042370803,24.0
112,20.995714,5418,2024-06-20 16:08:44,52.287682,2,53.271129815844624,24.0
523,21.07394,6206,2024-06-20 15:50:14,52.232426,10,80.5028778231067,24.0
523,21.073828,7225,2024-06-20 16:22:48,52.23233,14,56.41678432517884,24.0
125,21.1333222,7328,2024-06-20 15:57:01,52.2313851,07,60.398762722364445,24.0
182,21.0362179,7745,2024-06-20 16:22:16,52.2219815,6,56.69809996096236,24.0
182,21.0360557,7759,2024-06-20 15:56:28,52.2219357,3,57.702019012053086,24.0
182,21.0749369,7759,2024-06-20 16:06:00,52.2326704,3,66.32704350840731,24.0
502,21.0748811,7861,2024-06-20 16:04:43,52.2326527,719,52.109555468744055,24.0
143,21.074347,8311,2024-06-20 16:12:13,52.2323711,4,51.77827074637606,24.0
705,20.994881,8460,2024-06-20 15:54:58,52.286961,07,59.031217283384365,24.0
504,21.0176617,8523,2024-06-20 16:10:03,52.15836,3,60.895229506187164,24.0
504,21.01767,8546,2024-06-20 15:52:38,52.1584067,2,59.30902967382758,24.0
162,21.03617,8567,2024-06-20 15:56:04,52.2217483,011,82.29159138928468,24.0
331,21.0177302,1990,2024-06-20 16:08:42,52.1585606,04,58.440337148598694,24.0
331,21.017715,1992,2024-06-20 15:54:58,52.158848,03,63.96491509704941,24.0
211,20.997213,9087,2024-06-20 15:54:48,52.296013,2,50.04816365188906,24.0
186,20.996487,9937,2024-06-20 16:06:28,52.296341,11,59.84603431251717,24.0
112,20.995968,5443,2024-06-20 16:06:21,52.287544,7,54.93916159351341,24.0
211,20.997087,9071,2024-06-20 16:13:46,52.295921,3,58.6641314708547,24.0
192,21.0176754,1026,2024-06-20 15:52:52,52.1600712,06,62.984559792991746,23.0
211,20.996696,9087,2024-06-20 15:54:52,52.29652,2,59.79644701400707,23.0
516,20.996458,9446,2024-06-20 16:14:26,52.296474,2,55.778983269211544,23.0
739,21.01774,9329,2024-06-20 15:50:03,52.164078,3,60.787874148765454,23.0
525,21.133391,8802,2024-06-20 16:10:27,52.2315365,1,82.78009031221875,23.0
739,21.017727,1200,2024-06-20 15:53:02,52.157822,07,61.5122850768717,23.0
114,20.995052,9928,2024-06-20 16:06:23,52.287048,5,58.189113265498136,23.0
114,20.99579,9911,2024-06-20 16:18:13,52.287701,2,55.19912318051481,23.0
739,21.017717,9329,2024-06-20 15:49:26,52.158432,3,58.85149734498784,23.0
502,21.1337772,7839,2024-06-20 15:58:58,52.2314194,462,64.95761228405748,23.0
211,20.996452,9078,2024-06-20 16:13:45,52.296429,08,61.5825151193993,23.0
709,21.0177743,8896,2024-06-20 15:53:46,52.1647578,8,50.76703155114702,23.0
414,20.994843,7231,2024-06-20 15:49:23,52.287285,03,64.29770111903674,23.0
518,20.99746,8584,2024-06-20 16:03:12,52.2954483,6,51.55590003109832,23.0
112,20.994164,5443,2024-06-20 16:06:11,52.286728,7,62.74492352215319,23.0
414,20.994908,5212,2024-06-20 16:20:22,52.287288,05,54.782173615782256,23.0
735,20.9977736,3440,2024-06-20 16:19:49,52.295553,62,52.16720030979205,23.0
192,21.017723,1064,2024-06-20 16:10:00,52.158016,2,55.990229364686634,23.0
192,21.017313,1064,2024-06-20 16:23:19,52.157665,2,59.56734849446409,23.0
502,21.0357693,7708,2024-06-20 15:48:49,52.2218311,467,50.39361298467641,23.0
509,20.9964734,7868,2024-06-20 15:48:53,52.2964072,9,65.49627744370609,23.0
151,21.0753207,7817,2024-06-20 15:56:13,52.2328212,2,51.76586540212599,23.0
522,21.01731,8518,2024-06-20 16:10:52,52.158505,011,54.85399628936451,23.0
182,21.035227,7887,2024-06-20 16:11:50,52.2217314,5,54.236341566816165,23.0
525,21.0453655,7753,2024-06-20 16:10:00,52.2246715,8,68.76728842626905,23.0
142,21.133874,1425,2024-06-20 16:11:25,52.2311289,06,50.304255314243925,22.0
112,20.995155,9938,2024-06-20 16:10:34,52.287113,014,63.91700482721763,22.0
702,21.1343996,1838,2024-06-20 16:03:15,52.2309021,2,90.24945731528685,22.0
192,21.017332,1028,2024-06-20 15:50:24,52.160313,1,66.50283236689542,22.0
521,21.1340962,7739,2024-06-20 16:08:09,52.2310534,09,56.76447664248664,22.0
520,21.0351393,7852,2024-06-20 16:21:38,52.2217061,6,56.98669166772204,22.0
509,20.9969458,7848,2024-06-20 15:50:51,52.2962116,15,51.777357296930575,22.0
186,20.997051,9927,2024-06-20 15:52:21,52.296223,1,62.00417572772159,22.0
730,21.134404,1855,2024-06-20 16:14:58,52.2308938,52,52.18236269229736,22.0
156,20.9941795,1500,2024-06-20 15:55:31,52.2869611,2,76.17442231487554,22.0
156,20.9952035,1501,2024-06-20 16:03:42,52.287132,6,53.09588682434864,22.0
414,20.993402,3424,2024-06-20 15:57:55,52.2863348,06,57.95503460033705,22.0
112,20.9928378,3460,2024-06-20 15:51:47,52.2863631,1,64.55201657273645,22.0
134,20.993895,4402,2024-06-20 15:51:02,52.286865,3,52.06571813568105,22.0
414,20.993167,5449,2024-06-20 16:11:11,52.286193,07,66.85976292231355,22.0
186,20.996229,7203,2024-06-20 15:58:45,52.296616,017,57.98377477099309,22.0
125,21.134331,7335,2024-06-20 16:13:02,52.230927,3,54.40582888439695,22.0
331,21.0172692,1904,2024-06-20 15:49:29,52.1578929,01,57.79311429810182,22.0
518,20.994383,3414,2024-06-20 16:20:15,52.2867886,3,66.74865029168721,22.0
182,21.0351837,7759,2024-06-20 15:56:24,52.2217187,3,52.75812602976686,22.0
520,21.0352206,8850,2024-06-20 15:57:21,52.2217115,011,52.643165046380425,22.0
411,21.0350845,7875,2024-06-20 16:02:28,52.2216995,02,50.48916387118549,22.0
514,21.035498,7884,2024-06-20 16:11:27,52.22184,2,51.248110146354314,22.0
709,21.0177528,8310,2024-06-20 16:08:29,52.1648353,014,65.03112819405841,22.0
709,21.017324,8505,2024-06-20 15:50:56,52.157898,013,64.17380006556195,22.0
502,21.1340504,8564,2024-06-20 16:16:22,52.2313607,09,50.311175467862675,22.0
411,21.1343467,8571,2024-06-20 16:02:57,52.23092,466,67.82767149727272,22.0
518,20.99245,8584,2024-06-20 16:04:45,52.2862333,6,50.93513599100979,22.0
709,21.0172836,8891,2024-06-20 16:14:48,52.1575506,012,66.64355344331575,22.0
504,21.0173528,8885,2024-06-20 15:55:35,52.158246,011,58.507145364314354,22.0
709,21.0176935,8890,2024-06-20 16:03:52,52.1583486,7,54.21452137796307,22.0
709,21.01767,8890,2024-06-20 16:04:03,52.1599413,7,57.96242660480757,22.0
739,21.01767,9329,2024-06-20 15:49:37,52.16013,3,61.80093951278442,22.0
709,21.0172625,8896,2024-06-20 16:22:10,52.1583046,8,65.97159443080756,22.0
739,21.017305,9329,2024-06-20 16:18:53,52.157185,3,60.930378512347424,21.0
331,21.01775,1992,2024-06-20 15:55:38,52.164448,03,52.76647141578026,21.0
331,21.0177519,1990,2024-06-20 16:09:19,52.1639432,04,57.2829963588006,21.0
709,21.0177531,8890,2024-06-20 16:04:41,52.164847,7,90.86264841987716,21.0
514,21.0730176,8853,2024-06-20 15:48:57,52.2314498,1,56.93985037969534,21.0
739,21.0176841,9346,2024-06-20 16:13:03,52.158314,4,50.12518050319728,21.0
125,21.134364,8573,2024-06-20 16:10:26,52.231108,06,73.2218189985912,21.0
411,21.0528783,8565,2024-06-20 16:00:08,52.226095,01,55.35861435045458,21.0
705,20.992949,8460,2024-06-20 15:54:48,52.286079,07,57.74740699036711,21.0
509,20.997351,8452,2024-06-20 16:04:39,52.295681,11,87.98697897726193,21.0
132,20.995,8445,2024-06-20 16:12:24,52.2874,1,56.480272746034174,21.0
143,21.072635,8363,2024-06-20 16:22:37,52.2316633,09,50.313919387877746,21.0
709,21.0176975,8328,2024-06-20 16:13:43,52.1593788,2,57.114205731311245,21.0
518,20.9949483,8584,2024-06-20 16:04:30,52.2873767,6,56.15669486133174,21.0
525,21.1346359,7873,2024-06-20 16:02:28,52.2310506,012,53.30569439058274,21.0
188,21.0729982,7728,2024-06-20 16:04:28,52.2314797,6,50.087143791023585,21.0
514,21.0487565,7800,2024-06-20 16:20:19,52.2253579,3,54.29511126667531,21.0
192,21.017673,1064,2024-06-20 16:10:10,52.159885,2,74.82646955481879,21.0
192,21.017118,1028,2024-06-20 15:49:59,52.164078,1,53.805895015526964,21.0
502,21.134225,7708,2024-06-20 16:06:54,52.2309585,467,59.7405908961652,21.0
518,20.9979,5992,2024-06-20 16:00:11,52.2954,2,77.56298131779191,21.0
132,20.994047,5453,2024-06-20 16:13:25,52.286652,09,58.37140373827748,21.0
142,21.1342219,4301,2024-06-20 16:19:26,52.2312237,08,64.84487621837702,21.0
331,21.017727,1997,2024-06-20 16:22:50,52.159416,05,53.996521649092394,21.0
331,21.017132,1992,2024-06-20 16:17:40,52.165085,03,82.29776213124313,21.0
523,21.0365481,7889,2024-06-20 16:03:53,52.2220524,16,53.55504398386846,21.0
143,21.0348947,7870,2024-06-20 15:53:51,52.2216407,3,52.98948648969067,21.0
736,20.997626,1814,2024-06-20 16:17:05,52.295394,2,53.16309599924003,21.0
739,21.017786,1200,2024-06-20 15:53:48,52.16486,07,88.91029184787861,21.0
704,21.1340291,7847,2024-06-20 16:06:26,52.2310678,2,65.41959890358378,21.0
739,21.017126,9304,2024-06-20 15:51:27,52.165192,1,52.810017601641476,20.0
739,21.017284,9328,2024-06-20 16:03:30,52.166553,2,55.11888494600792,20.0
504,21.017378,2015,2024-06-20 16:15:04,52.159492,012,64.80994165535127,20.0
739,21.017277,9304,2024-06-20 15:51:17,52.166508,1,52.980496463812315,20.0
709,21.0176771,8896,2024-06-20 15:53:11,52.159491,8,67.23015224443537,20.0
709,21.0171438,8891,2024-06-20 16:14:03,52.1642081,012,62.15566618895051,20.0
504,21.0173513,8806,2024-06-20 16:09:17,52.1568715,6,55.569948103811534,20.0
504,21.017125,8806,2024-06-20 16:08:26,52.1639581,6,52.342504694967715,20.0
504,21.01772,8546,2024-06-20 15:53:25,52.1651667,2,55.56599880116868,20.0
504,21.017625,8546,2024-06-20 15:52:54,52.1607617,2,58.923459706715256,20.0
705,20.989149,8460,2024-06-20 15:54:28,52.28437,07,69.97710134504122,20.0
709,21.0178967,8346,2024-06-20 16:16:10,52.1652367,1,92.35505600017677,20.0
709,21.0177785,8328,2024-06-20 16:14:11,52.164568,2,74.19074973641077,20.0
182,21.072808,7887,2024-06-20 16:19:26,52.2313324,5,55.86390960271053,20.0
509,20.9977027,7868,2024-06-20 15:49:02,52.2952514,9,61.32653241570436,20.0
502,21.0727879,7861,2024-06-20 16:04:29,52.2313574,719,51.13880702120516,20.0
143,21.0451017,7845,2024-06-20 15:56:30,52.2246316,5,55.25626282399694,20.0
525,21.0451749,7730,2024-06-20 16:02:40,52.2246302,011,58.82143043023648,20.0
520,21.0755246,7747,2024-06-20 15:54:04,52.2329332,4,52.05320226932404,20.0
134,20.99568,4402,2024-06-20 16:20:18,52.287357,3,63.65656153653947,20.0
414,20.9953158,3424,2024-06-20 15:58:05,52.2872021,06,58.32225427514724,20.0
502,21.0728696,7708,2024-06-20 15:56:12,52.2313581,467,52.575687990535116,20.0
186,20.997523,6231,2024-06-20 15:54:06,52.29574,014,55.90860162341273,20.0
518,20.9956,5992,2024-06-20 15:58:47,52.2873,2,72.10075051106404,20.0
414,20.995527,5449,2024-06-20 16:11:24,52.287273,07,55.516007640472594,20.0
705,20.992348,5421,2024-06-20 15:56:24,52.286133,1,61.106640471746594,20.0
523,21.048811,5245,2024-06-20 16:02:28,52.225324,11,60.83639241190445,20.0
331,21.017801,1997,2024-06-20 16:23:25,52.164543,05,54.23297184760851,20.0
739,21.017693,1200,2024-06-20 15:53:12,52.159534,07,68.53674336875017,20.0
132,20.9955611,3419,2024-06-20 16:03:29,52.287357,3,65.63283222342035,20.0
521,21.1348104,7816,2024-06-20 16:18:43,52.2310044,011,50.62117650583473,20.0
151,21.0365777,7841,2024-06-20 16:08:00,52.2220589,07,52.19998628277677,20.0
739,21.017254,9329,2024-06-20 16:17:19,52.166542,3,56.81158537048398,20.0
192,21.01771,1064,2024-06-20 16:10:31,52.163681,2,72.36059770700456,20.0
192,21.0178437,1026,2024-06-20 15:53:28,52.1652287,06,54.26223614360154,20.0
518,20.992317,5977,2024-06-20 16:01:41,52.285755,011,55.27490869598857,19.0
188,21.075796,7319,2024-06-20 15:50:52,52.233234,07,59.75170188783896,19.0
138,21.034555,2045,2024-06-20 15:56:28,52.221584,011,54.83424326693545,19.0
709,21.017241,2016,2024-06-20 16:03:15,52.159668,6,51.14223168217549,19.0
518,20.9996,5992,2024-06-20 16:00:02,52.294,2,63.91114173684626,19.0
141,21.075491,7252,2024-06-20 15:48:53,52.233078,5,51.29167265110323,19.0
138,21.044857,5452,2024-06-20 15:49:14,52.224571,8,54.013100322544425,19.0
132,20.9923415,3419,2024-06-20 16:03:14,52.285884,3,60.093214266035964,19.0
414,20.9924516,3424,2024-06-20 15:57:50,52.2859035,06,55.99463189254128,19.0
188,21.075524,5202,2024-06-20 16:13:09,52.233113,1,61.1613189308074,19.0
156,20.9898998,1501,2024-06-20 16:03:12,52.2846963,6,56.11182285059277,19.0
518,20.9891733,3414,2024-06-20 16:19:49,52.2843983,3,76.48952605455302,19.0
331,21.017872,1992,2024-06-20 15:55:50,52.166019,03,52.46559018616746,19.0
509,20.9999177,7858,2024-06-20 15:59:11,52.2931619,10,55.31602564080311,19.0
151,21.0448915,7864,2024-06-20 16:00:16,52.2245854,3,51.83895160559245,19.0
523,21.075468,7881,2024-06-20 15:51:29,52.2330475,15,75.02439601934155,19.0
709,21.0176618,8310,2024-06-20 16:07:59,52.1597936,014,66.76636110932965,19.0
709,21.0176411,8310,2024-06-20 16:08:04,52.1606491,014,68.49917186129176,19.0
709,21.0177436,8896,2024-06-20 15:52:56,52.1569721,8,57.38695382347338,19.0
504,21.017319,8885,2024-06-20 15:55:24,52.1598536,011,57.234965933125935,19.0
514,21.0756366,8853,2024-06-20 15:49:07,52.2329766,1,88.64728755858053,19.0
143,21.0758225,8843,2024-06-20 15:53:10,52.2332279,011,62.97554574146126,19.0
411,21.0448586,8830,2024-06-20 15:52:01,52.2245018,720,59.23238771874298,19.0
188,21.0488589,7850,2024-06-20 15:49:01,52.2253884,3,51.66436305706936,19.0
151,21.0342104,7841,2024-06-20 16:07:48,52.2214711,07,51.445499004464644,19.0
151,21.0491797,7841,2024-06-20 15:49:29,52.2254634,07,52.92519131616419,19.0
502,21.0535092,7839,2024-06-20 16:15:30,52.2263224,462,50.06289583258376,19.0
525,21.0523872,7826,2024-06-20 15:58:12,52.2259516,5,52.84010713780234,19.0
525,21.0366355,7826,2024-06-20 15:55:01,52.222077,5,54.66184002741076,19.0
509,20.9961472,7808,2024-06-20 16:22:27,52.2967099,024,72.69589750092288,19.0
502,21.0448612,7754,2024-06-20 16:06:23,52.2245644,1,51.95781537202671,19.0
520,21.0530026,7747,2024-06-20 15:50:41,52.2260784,4,57.90718629183533,19.0
188,21.0755135,7728,2024-06-20 16:04:43,52.2330674,6,59.03759078272606,19.0
188,21.0367102,7728,2024-06-20 15:55:25,52.2220965,6,54.79986661173818,19.0
182,21.0525983,8576,2024-06-20 15:48:18,52.2260117,2,55.204987414286336,19.0
411,21.03666,8565,2024-06-20 15:53:56,52.222085,01,53.082443606916165,19.0
709,21.017205,8505,2024-06-20 15:49:36,52.165866,013,63.75475557704212,19.0
509,20.999363,8452,2024-06-20 16:04:56,52.293755,11,53.8180272828649,19.0
132,20.9922509,8445,2024-06-20 16:12:39,52.2861194,1,56.408866662911876,19.0
504,21.0170615,8806,2024-06-20 16:08:10,52.1657804,6,64.79464076446149,19.0
138,21.04883,8586,2024-06-20 16:22:57,52.22541,1,52.18525981985838,19.0
182,21.0752233,8576,2024-06-20 16:22:54,52.2332583,2,96.25566439793798,19.0
709,21.0178683,8346,2024-06-20 16:15:17,52.1570267,1,55.203859251474356,19.0
504,21.017623,8362,2024-06-20 15:59:56,52.166121,010,53.89024855046282,19.0
709,21.0177406,8328,2024-06-20 16:13:21,52.156881,2,54.51565327398878,19.0
114,20.993731,9912,2024-06-20 16:03:03,52.286762,010,50.11747250669949,19.0
739,21.017349,9304,2024-06-20 15:52:24,52.157413,1,56.15510043813682,19.0
211,21.000002,9078,2024-06-20 16:14:11,52.29311,08,61.062607190163234,19.0
739,21.017241,9328,2024-06-20 16:04:40,52.160767,2,51.252248145800415,19.0
739,21.017069,9329,2024-06-20 16:17:29,52.165234,3,52.556135118513026,19.0
516,20.999271,9420,2024-06-20 15:58:51,52.293774,1,63.75006112431168,19.0
326,20.989542,9438,2024-06-20 16:04:05,52.284569,2,60.85295206175505,18.0
520,21.0372943,8850,2024-06-20 15:57:31,52.2222028,011,54.52314557830464,18.0
709,21.0172156,8891,2024-06-20 16:14:23,52.1613046,012,58.12049020162711,18.0
326,20.999838,9438,2024-06-20 16:06:08,52.293831,2,51.179041506108824,18.0
739,21.01783,9329,2024-06-20 15:50:14,52.165527,3,52.7689120332038,18.0
331,21.0177721,1990,2024-06-20 16:08:30,52.1568089,04,58.13060691568704,18.0
331,21.0172292,1904,2024-06-20 15:49:16,52.1597696,01,57.09494067269708,18.0
192,21.017254,1026,2024-06-20 16:05:40,52.160843,06,66.65004276026316,18.0
192,21.017334,1028,2024-06-20 15:49:39,52.166763,1,59.26677141035524,18.0
192,21.017118,1064,2024-06-20 16:22:26,52.16544,2,64.17558452407913,18.0
192,21.017233,1064,2024-06-20 16:22:59,52.160862,2,55.799475031902766,18.0
156,20.9880691,1501,2024-06-20 16:03:02,52.2838533,6,57.26119994301132,18.0
156,20.9926018,1501,2024-06-20 16:03:27,52.285938,6,55.17053888980152,18.0
192,21.017168,1026,2024-06-20 16:05:23,52.163673,06,55.09398280328131,18.0
192,21.0176392,1026,2024-06-20 15:53:02,52.1615859,06,60.640219907526586,18.0
138,21.034121,5420,2024-06-20 16:10:55,52.221455,4,50.41336518700476,18.0
186,20.995776,5211,2024-06-20 16:18:43,52.297076,018,59.764989525845614,18.0
188,21.053809,5202,2024-06-20 16:09:47,52.22623,1,53.78217498718342,18.0
134,20.991875,4413,2024-06-20 15:59:11,52.285622,2,55.85995840984685,18.0
134,20.992559,4402,2024-06-20 16:20:03,52.285927,3,53.94828029206552,18.0
134,20.9888,4402,2024-06-20 15:51:29,52.284531,3,52.04178085379312,18.0
518,20.9776304,3443,2024-06-20 16:22:24,52.2789302,012,90.28842415817087,18.0
132,20.9774858,3419,2024-06-20 16:01:24,52.2789763,3,51.53001461468268,18.0
518,20.9997078,3414,2024-06-20 16:21:40,52.2938668,3,51.68316159371138,18.0
518,20.9922043,3414,2024-06-20 16:20:05,52.2857865,3,57.94994875983646,18.0
138,21.054159,2045,2024-06-20 16:02:41,52.226334,011,58.92812870172336,18.0
138,21.036715,2045,2024-06-20 15:56:38,52.222115,011,57.07485937638698,18.0
709,21.017103,2016,2024-06-20 16:02:03,52.165405,6,51.288609085957816,18.0
331,21.017698,1997,2024-06-20 16:23:00,52.160732,05,52.68452178932221,18.0
331,21.017746,1992,2024-06-20 15:54:49,52.15741,03,55.03977527989497,18.0
331,21.0178604,1990,2024-06-20 16:09:31,52.1656467,04,56.86951882763647,18.0
188,21.0504881,7838,2024-06-20 16:03:18,52.2257237,4,50.081427408102805,18.0
525,21.0341574,7826,2024-06-20 15:54:49,52.2214602,5,51.53263576834012,18.0
520,21.048976,7825,2024-06-20 16:00:16,52.2254097,7,53.842175894559816,18.0
520,21.0518996,7825,2024-06-20 16:00:02,52.2259917,7,54.065435447981194,18.0
182,21.0496982,7818,2024-06-20 15:48:26,52.2255709,7,53.38045188482514,18.0
509,20.9993781,7808,2024-06-20 16:22:50,52.2936464,024,63.4476567831444,18.0
502,21.0496417,7754,2024-06-20 16:06:00,52.2255402,1,60.424839578313566,18.0
521,21.1331299,7744,2024-06-20 16:09:38,52.2316581,010,59.39878705712878,18.0
502,21.0533096,7708,2024-06-20 15:52:59,52.2261233,467,51.36772604293708,18.0
186,20.989771,7203,2024-06-20 16:01:02,52.284969,017,51.13954059197793,18.0
186,20.988849,6231,2024-06-20 15:51:46,52.284278,014,55.460951187449744,18.0
518,20.989582,5977,2024-06-20 16:01:26,52.284534,011,65.13963639695294,18.0
132,20.989576,5453,2024-06-20 16:12:59,52.284615,09,56.205149023377146,18.0
112,20.989502,5443,2024-06-20 16:05:46,52.284607,7,54.41355487744302,18.0
705,20.977509,5421,2024-06-20 15:58:46,52.279343,1,60.051648577586015,18.0
705,20.988379,5421,2024-06-20 15:56:39,52.284313,1,64.20597476992224,18.0
518,20.9957433,8584,2024-06-20 16:02:57,52.29707,6,70.61457747852725,18.0
132,20.9886717,8580,2024-06-20 15:55:32,52.284465,4,50.248904785774336,18.0
504,21.0175967,8523,2024-06-20 16:10:18,52.1613583,3,80.02205539333107,18.0
727,21.017421,8501,2024-06-20 16:06:47,52.166878,04,57.690372546649094,18.0
705,20.999737,8460,2024-06-20 15:56:24,52.293953,07,55.1683116050734,18.0
731,20.999399,8455,2024-06-20 16:18:51,52.293716,479,57.690159818735665,18.0
731,20.995794,8455,2024-06-20 16:18:20,52.297058,479,57.50190559599884,18.0
143,21.0541336,8311,2024-06-20 16:09:11,52.2263443,4,50.33665251976674,18.0
182,21.0533305,7874,2024-06-20 16:08:30,52.2261358,4,53.15228193896349,18.0
143,21.0538782,7870,2024-06-20 16:00:16,52.2262331,3,55.47316362806113,18.0
151,21.0341134,7864,2024-06-20 16:18:28,52.2214409,3,54.90260848173874,18.0
502,21.054266,7861,2024-06-20 16:01:30,52.2263762,719,57.02286850569534,18.0
502,21.0538246,7861,2024-06-20 16:01:28,52.2262864,719,56.83176682212494,18.0
704,21.1329126,7847,2024-06-20 16:06:21,52.2315151,2,59.36263914849266,18.0
411,21.0519197,7844,2024-06-20 16:18:54,52.2260174,463,56.48930480930308,18.0
411,21.1351139,7844,2024-06-20 16:02:04,52.2307987,463,56.27727339686236,18.0
326,20.992241,9438,2024-06-20 16:04:20,52.285763,2,54.37591128104653,18.0
114,20.993481,9926,2024-06-20 15:50:00,52.286663,1,50.11933457591288,17.0
186,20.995819,9937,2024-06-20 16:06:23,52.296967,11,61.02765287665315,17.0
186,20.999939,9927,2024-06-20 15:52:01,52.293678,1,56.1950906315635,17.0
504,21.017135,8523,2024-06-20 16:10:50,52.1668467,3,68.74809611645193,17.0
705,20.988003,8460,2024-06-20 15:54:23,52.283848,07,60.08135326601714,17.0
523,21.072638,2228,2024-06-20 16:12:24,52.23127,714,53.62745981908078,17.0
523,21.053413,2228,2024-06-20 16:09:23,52.226231,714,59.21574521739881,17.0
192,21.017403,1026,2024-06-20 16:06:12,52.156647,06,58.98922145526757,17.0
119,21.075241,1414,2024-06-20 16:01:30,52.203812,2,70.1082876569243,17.0
168,21.090382,1423,2024-06-20 15:48:48,52.213139,08,56.04166128891374,17.0
119,21.076489,1993,2024-06-20 16:18:12,52.204141,07,51.83536993710018,17.0
504,21.017155,2015,2024-06-20 16:14:39,52.163311,012,55.61240683013085,17.0
504,21.017284,2015,2024-06-20 16:14:54,52.16111,012,58.77555812310115,17.0
192,21.0174674,1026,2024-06-20 16:04:56,52.1673845,06,67.5415750207766,17.0
192,21.0179995,1026,2024-06-20 15:53:39,52.1666226,06,50.844581188927606,17.0
523,21.049267,6206,2024-06-20 15:53:37,52.225475,10,59.58151883220678,17.0
523,21.051802,6206,2024-06-20 15:53:26,52.225994,10,58.11874129013367,17.0
723,20.999456,5456,2024-06-20 16:00:52,52.293621,476,51.694126890224936,17.0
141,21.076025,5259,2024-06-20 16:15:31,52.233431,6,55.11212196946767,17.0
523,21.044506,5245,2024-06-20 16:02:49,52.224421,11,53.13353112270944,17.0
414,20.977916,5208,2024-06-20 16:11:20,52.279384,04,51.07527145993374,17.0
134,20.993795,4413,2024-06-20 15:59:21,52.286495,2,58.5807480117149,17.0
134,20.988216,4413,2024-06-20 15:58:51,52.283955,2,67.78142567233168,17.0
134,20.97761,4402,2024-06-20 15:53:01,52.279407,3,58.137387415347675,17.0
134,20.991354,4402,2024-06-20 15:51:14,52.285698,3,64.83878964158477,17.0
735,20.9937611,3440,2024-06-20 16:18:05,52.2865203,62,55.91986644410279,17.0
112,20.9770801,3439,2024-06-20 16:23:13,52.2790328,3,74.89326367116382,17.0
414,20.9887891,3424,2024-06-20 15:57:30,52.2842281,06,56.12245622861434,17.0
518,20.9987783,3414,2024-06-20 16:20:36,52.288665,3,62.49713623896516,17.0
518,20.9772256,3414,2024-06-20 16:18:25,52.2787891,3,55.09106899353736,17.0
188,21.044012,2248,2024-06-20 16:18:27,52.224434,5,51.91854560347088,17.0
132,20.9969,8445,2024-06-20 16:12:14,52.2882,1,54.303962666868806,17.0
731,20.9989629,8442,2024-06-20 16:22:14,52.2944637,480,68.62287743536825,17.0
504,21.01754,8362,2024-06-20 15:59:36,52.163429,010,53.300188864833984,17.0
709,21.0180418,8328,2024-06-20 16:14:26,52.1667025,2,57.125758604626206,17.0
138,21.0444648,8325,2024-06-20 16:07:23,52.2245238,9,51.78040369171039,17.0
509,20.9995544,7868,2024-06-20 15:49:17,52.2934861,9,55.97141376610073,17.0
525,21.0518414,7837,2024-06-20 15:49:02,52.2258436,4,55.209502485741424,17.0
520,21.0291029,7825,2024-06-20 16:02:28,52.2203552,7,51.12017988678668,17.0
402,21.075294,7814,2024-06-20 16:05:47,52.2039474,4,56.0517392370762,17.0
514,21.0516964,7800,2024-06-20 16:20:05,52.2259602,3,64.1849317607592,17.0
402,21.0751624,7757,2024-06-20 15:55:38,52.2039764,014,74.94021334543031,17.0
411,21.0446891,7312,2024-06-20 16:06:57,52.2245297,04,55.78537449540554,17.0
411,21.0509471,7312,2024-06-20 16:06:28,52.2258095,04,55.59586372764207,17.0
414,20.977974,7231,2024-06-20 15:51:17,52.279533,03,63.7599688586612,17.0
414,20.991341,7231,2024-06-20 15:49:40,52.285679,03,63.044630702660484,17.0
186,20.991446,7203,2024-06-20 16:00:52,52.285732,017,53.471195422231354,17.0
114,20.998823,9926,2024-06-20 15:49:25,52.289074,1,64.64834558907948,17.0
516,20.995087,9420,2024-06-20 15:58:21,52.297707,1,58.51047479536434,17.0
739,21.0176773,9346,2024-06-20 16:13:33,52.163488,4,69.03872849293057,17.0
739,21.017239,9329,2024-06-20 16:18:28,52.160969,3,56.444681448387485,17.0
211,20.995089,9078,2024-06-20 16:13:35,52.297722,08,65.01147781325182,17.0
211,20.999746,9071,2024-06-20 16:14:06,52.293423,3,59.6593307034857,17.0
211,20.995752,9071,2024-06-20 16:13:36,52.297138,3,63.93851751318901,17.0
709,21.0173018,8896,2024-06-20 16:22:20,52.1565868,8,68.77060500608626,17.0
709,21.0171523,8896,2024-06-20 16:21:50,52.1616,8,51.436607062113474,17.0
709,21.0170536,8896,2024-06-20 16:21:09,52.164305,8,59.42184367262118,17.0
709,21.0176956,8896,2024-06-20 15:53:36,52.1634905,8,63.513390880733844,17.0
709,21.0176386,8896,2024-06-20 15:53:21,52.1611108,8,64.84776740258214,17.0
143,21.0446718,8855,2024-06-20 16:06:20,52.2245633,6,50.04383334815053,17.0
504,21.0172023,8806,2024-06-20 16:08:43,52.1615905,6,55.761437979655085,17.0
186,20.993486,9937,2024-06-20 16:08:21,52.286671,11,64.558582678581,17.0
186,20.977587,9937,2024-06-20 16:12:38,52.279385,11,63.591316302877,17.0
134,20.996693,4413,2024-06-20 15:59:37,52.287823,2,55.41616390514633,16.0
134,20.987104,4413,2024-06-20 15:58:46,52.283451,2,53.87470767352753,16.0
123,21.049069,4328,2024-06-20 16:13:00,52.2437911,1,56.27400553030531,16.0
735,20.9967298,3440,2024-06-20 16:18:20,52.2878691,62,60.36754994401228,16.0
414,20.97822,5212,2024-06-20 16:23:22,52.279533,05,56.3335230584015,16.0
705,20.997437,5421,2024-06-20 15:55:50,52.288471,1,54.86053168267786,16.0
521,21.1353245,7744,2024-06-20 16:09:27,52.2307321,010,57.149022493949445,16.0
525,21.0286925,7740,2024-06-20 15:55:51,52.220237,7,51.0200795059367,16.0
186,20.997406,5211,2024-06-20 16:20:24,52.28842,018,51.44355458641418,16.0
134,20.998783,4413,2024-06-20 15:59:47,52.288773,2,63.75841998591759,16.0
188,21.0295991,7850,2024-06-20 15:52:02,52.22049,3,51.28343445859066,16.0
143,21.0369229,7845,2024-06-20 16:23:15,52.222131,5,67.7566617843335,16.0
143,21.033848,7845,2024-06-20 16:23:03,52.2213712,5,67.37469969783028,16.0
502,21.0509999,7839,2024-06-20 16:15:41,52.2258392,462,58.63425304662683,16.0
188,21.0760092,7838,2024-06-20 15:58:59,52.2336169,4,50.16446966528469,16.0
168,21.0753422,7827,2024-06-20 16:20:40,52.2039914,2,62.34768539478345,16.0
525,21.0308476,7826,2024-06-20 15:54:32,52.2206367,5,54.20544278207574,16.0
182,21.0287221,7818,2024-06-20 15:51:29,52.2202558,7,60.488250337626425,16.0
514,21.0369761,7800,2024-06-20 16:21:18,52.2223823,3,58.24153554984758,16.0
331,21.017725,1997,2024-06-20 16:23:15,52.163189,05,65.57091410208791,16.0
119,21.090586,1993,2024-06-20 16:16:11,52.213296,07,53.43749467732052,16.0
331,21.0177171,1990,2024-06-20 16:09:15,52.1633712,04,58.35437023399983,16.0
402,21.07423,8356,2024-06-20 16:12:20,52.203685,8,68.69631086147989,16.0
148,21.0762567,8342,2024-06-20 15:49:57,52.203945,6,52.61261269826445,16.0
E-1,21.0543152,7733,2024-06-20 16:11:49,52.2266424,01,50.832077512130574,16.0
151,21.029608,7324,2024-06-20 16:22:50,52.220535,1,50.48787323143747,16.0
523,21.043963,8579,2024-06-20 16:12:09,52.224331,12,52.97711935461124,16.0
502,21.1441546,8564,2024-06-20 16:14:55,52.2268779,09,52.30934949855507,16.0
705,20.999954,8460,2024-06-20 15:55:24,52.289013,07,57.27734769430456,16.0
402,21.090424,8356,2024-06-20 16:14:20,52.212993,8,67.13397683871996,16.0
709,21.017667,8310,2024-06-20 16:08:19,52.1632116,014,68.38619429509048,16.0
414,20.9903189,5449,2024-06-20 16:10:58,52.2848972,07,62.5891519020915,16.0
138,21.0338891,8325,2024-06-20 16:09:33,52.2215638,9,57.34322420970441,16.0
143,21.0760123,8311,2024-06-20 16:12:22,52.2333828,4,63.89630798590649,16.0
112,21.002338,5443,2024-06-20 16:06:56,52.29015,7,53.199599616365155,16.0
112,20.9769,5443,2024-06-20 16:04:05,52.278633,7,56.50557426283105,16.0
402,21.0764434,7866,2024-06-20 15:53:51,52.2039494,6,71.50452986626856,16.0
143,21.0510807,7870,2024-06-20 16:00:03,52.2256772,3,54.04880431852256,16.0
143,21.0762777,7870,2024-06-20 16:04:08,52.2335284,3,66.84951633767557,16.0
504,21.016667,8885,2024-06-20 15:54:31,52.1663986,011,51.831274216376855,16.0
151,21.0369587,7864,2024-06-20 16:18:43,52.2221376,3,50.09452290324747,16.0
143,21.0495718,7857,2024-06-20 16:12:38,52.2255423,7,54.275720377391984,16.0
186,20.998571,9937,2024-06-20 16:07:46,52.289112,11,93.85064519023109,16.0
326,20.977848,9440,2024-06-20 15:56:26,52.279522,3,59.31736760267834,16.0
326,20.989964,9440,2024-06-20 15:54:49,52.285091,3,55.66989261604807,16.0
326,20.999359,9440,2024-06-20 15:53:34,52.293594,3,51.930399490842014,16.0
326,20.997597,9415,2024-06-20 16:18:06,52.288601,06,52.66887227959265,16.0
326,20.999435,9438,2024-06-20 16:04:57,52.288883,2,56.182776559994586,16.0
326,20.99655,9438,2024-06-20 16:04:42,52.287735,2,59.8976779398256,16.0
516,20.997869,9420,2024-06-20 15:58:41,52.295116,1,62.0405177930714,16.0
525,21.0514847,7753,2024-06-20 16:09:37,52.225921,8,61.36798856712792,16.0
125,21.1440409,7758,2024-06-20 15:52:52,52.2269102,2,58.105451087249605,16.0
167,21.075532,7750,2024-06-20 15:48:26,52.2040112,013,58.69347881968977,16.0
709,21.0174461,8891,2024-06-20 16:13:43,52.167308,012,66.29901499033377,16.0
739,21.017269,9304,2024-06-20 15:51:58,52.16106,1,52.69459237290352,16.0
514,21.051546,7884,2024-06-20 15:49:45,52.225918,2,50.480433266674915,16.0
520,21.0545578,8850,2024-06-20 16:02:21,52.2264168,011,58.86855055125359,16.0
132,20.9911317,8580,2024-06-20 15:55:17,52.2855967,4,56.290198040086295,16.0
520,21.0508836,7882,2024-06-20 16:06:12,52.2258117,8,58.56191649890593,16.0
211,20.999475,9082,2024-06-20 15:52:33,52.293571,1,56.59485104041691,16.0
739,21.018007,9329,2024-06-20 15:50:23,52.166698,3,52.30707395381756,16.0
402,21.075422,7321,2024-06-20 16:17:36,52.204044,013,58.40921698603676,16.0
182,21.029503,7303,2024-06-20 16:10:59,52.220451,9,52.4374587008481,16.0
148,21.076529,7255,2024-06-20 16:17:05,52.203983,8,54.05300967489539,16.0
187,21.033901,6239,2024-06-20 15:58:10,52.221573,4,52.47401797034578,16.0
518,20.9902,5992,2024-06-20 15:58:24,52.2848,2,53.153135609199104,16.0
518,20.9879,5992,2024-06-20 15:58:11,52.2838,2,71.33209069996748,16.0
518,20.999067,5977,2024-06-20 16:03:05,52.294514,011,62.07024985315046,16.0
132,20.987732,5453,2024-06-20 16:12:49,52.283779,09,61.82206105592122,16.0
132,20.996952,5453,2024-06-20 16:13:35,52.287975,09,88.68323393972138,16.0
509,20.9950513,3421,2024-06-20 16:14:27,52.2977906,12,61.3467455380884,16.0
523,21.037575,2228,2024-06-20 16:05:23,52.222347,714,53.05884158663064,16.0
148,21.074991,2018,2024-06-20 16:08:19,52.203945,4,68.13742276911702,16.0
123,21.0493001,1816,2024-06-20 15:57:56,52.2431766,6,53.52581274558978,16.0
156,20.9898736,1500,2024-06-20 15:56:01,52.28499,2,51.300983177374114,16.0
192,21.017416,1064,2024-06-20 16:22:15,52.167194,2,57.88752863757262,16.0
192,21.0176932,1026,2024-06-20 15:53:14,52.1633332,06,58.29774180469132,16.0
168,21.075396,2023,2024-06-20 16:04:28,52.203995,1,60.066931694020056,16.0
168,21.0908784,2025,2024-06-20 16:01:28,52.2132692,3,64.29889605798118,16.0
521,21.1770251,7744,2024-06-20 15:59:11,52.1953316,010,58.25760296307621,15.0
521,21.1771087,7739,2024-06-20 16:21:18,52.1952221,09,62.992610882406446,15.0
521,21.1769749,7739,2024-06-20 16:21:17,52.1953564,09,52.833977551960885,15.0
402,21.05835,7321,2024-06-20 16:18:49,52.201378,013,56.168453406640396,15.0
125,21.144171,7333,2024-06-20 16:15:00,52.226757,4,98.57392716462593,15.0
520,21.1071869,7747,2024-06-20 16:01:03,52.2335781,4,50.62938877770324,15.0
123,21.0489918,1119,2024-06-20 15:56:29,52.2438896,07,60.11703842520325,15.0
414,20.987045,7231,2024-06-20 15:50:04,52.283718,03,54.69175957280865,15.0
182,21.02977,6243,2024-06-20 15:59:25,52.220543,8,55.949802306864235,15.0
168,21.085106,2023,2024-06-20 16:03:33,52.208538,1,55.52874772968766,15.0
119,21.074682,1414,2024-06-20 16:01:28,52.203739,2,62.68183419837179,15.0
520,21.1203635,7747,2024-06-20 16:03:32,52.2324839,4,51.86183772766987,15.0
119,21.0591947,1414,2024-06-20 15:59:25,52.201308,2,66.61562546651174,15.0
319,21.176874,1204,2024-06-20 15:54:30,52.195526,01,60.56797252022011,15.0
187,21.043921,2239,2024-06-20 16:11:47,52.223965,5,52.328135520761826,15.0
319,21.17712,1996,2024-06-20 15:50:05,52.195328,03,52.69601068182783,15.0
414,20.986944,3424,2024-06-20 15:57:20,52.2833965,06,54.68772524630668,15.0
134,20.977184,4402,2024-06-20 16:18:02,52.278675,3,52.83199805586684,15.0
132,21.0001255,3419,2024-06-20 16:03:49,52.2894061,3,69.31695381006853,15.0
319,21.176605,1996,2024-06-20 16:22:51,52.195782,03,53.45436605568125,15.0
509,20.9956598,3468,2024-06-20 15:55:38,52.297411,020,55.813744045198305,15.0
192,21.017447,1028,2024-06-20 15:50:50,52.156403,1,52.5423721934811,15.0
138,21.049114,5420,2024-06-20 16:23:15,52.243923,4,51.72403976844686,15.0
159,21.058253667,9525,2024-06-20 16:22:49,52.200948833,7,57.026757439939,15.0
326,20.998053,9415,2024-06-20 16:17:14,52.294891,06,58.657447004506054,15.0
168,21.076641,1423,2024-06-20 15:50:39,52.204166,08,55.30356386648952,15.0
166,21.0493767,1531,2024-06-20 15:50:30,52.2433133,012,63.471853876428376,15.0
168,21.1072762,7827,2024-06-20 16:08:46,52.2338444,2,50.897348217465115,15.0
168,21.0906541,7827,2024-06-20 16:18:43,52.2133452,2,68.82285722930811,15.0
331,21.0173387,1904,2024-06-20 15:49:40,52.1563292,01,56.925862127451246,15.0
168,21.1073759,7827,2024-06-20 15:54:49,52.2335402,2,60.28237565285247,15.0
402,21.0903841,7866,2024-06-20 15:55:51,52.2129152,6,68.81953558354274,15.0
525,21.107287,7873,2024-06-20 16:08:00,52.2338536,012,69.92272028768538,15.0
525,21.0493304,7873,2024-06-20 16:18:43,52.225485,012,53.15662340171917,15.0
182,21.0514783,7874,2024-06-20 16:08:21,52.2257605,4,51.03365207863596,15.0
112,20.996887,5443,2024-06-20 16:06:26,52.287964,7,56.17996156749488,15.0
132,20.999331,5453,2024-06-20 16:13:45,52.289051,09,72.44669131355026,15.0
525,21.1327056,7837,2024-06-20 16:02:42,52.2316184,4,61.863626175245,15.0
151,21.0305237,7841,2024-06-20 15:52:26,52.2207285,07,50.324862803316286,15.0
411,21.079031,7305,2024-06-20 16:02:38,52.204742,04,50.5644472455125,15.0
188,21.0547766,7728,2024-06-20 16:01:28,52.2264453,6,52.40616255291498,15.0
125,21.14425,7758,2024-06-20 15:52:51,52.2268419,2,58.290271209831964,15.0
402,21.0907322,7757,2024-06-20 15:53:51,52.213398,014,75.24384971598826,15.0
159,21.057418333,9561,2024-06-20 16:12:49,52.2011755,2,63.676039566068624,15.0
411,21.090103,7305,2024-06-20 15:59:35,52.212959,04,62.34656879776476,15.0
502,21.0214905,7754,2024-06-20 16:09:35,52.2184871,1,94.58225621831667,15.0
525,21.1329624,7753,2024-06-20 15:52:26,52.2317397,8,59.81294055856977,15.0
521,21.176674,7250,2024-06-20 16:14:42,52.195698,5,62.10217106954309,15.0
514,21.0305934,7800,2024-06-20 16:22:14,52.2207498,3,51.72489443906717,15.0
525,21.0495272,7826,2024-06-20 15:57:58,52.2253634,5,92.0604808796549,15.0
182,21.0329909,7759,2024-06-20 15:56:13,52.2211735,3,51.96183949733379,15.0
402,21.058095,8356,2024-06-20 16:11:20,52.201063,8,56.721548840165966,15.0
727,21.017413,8501,2024-06-20 16:08:27,52.156296,04,58.69707936714362,15.0
411,21.12096,7305,2024-06-20 15:54:25,52.232471,04,54.751177550787375,15.0
112,20.987503,9916,2024-06-20 15:56:15,52.28363,013,62.431918945552624,15.0
522,21.0173783,8518,2024-06-20 16:11:07,52.1563683,011,57.03261128016186,15.0
402,21.05833,8577,2024-06-20 15:57:25,52.20112,7,55.603580428439074,15.0
518,20.97826,8584,2024-06-20 16:08:46,52.2797133,6,52.68436818264162,15.0
114,21.003235,9941,2024-06-20 16:18:44,52.290325,011,58.673866818842704,14.0
186,20.996643,9937,2024-06-20 16:08:06,52.288128,11,62.91746026306123,14.0
504,21.017439,2015,2024-06-20 16:15:25,52.156227,012,62.24147695805193,14.0
414,20.967274,7231,2024-06-20 15:52:51,52.273792,03,53.61970095080148,14.0
148,21.089861,2018,2024-06-20 16:06:30,52.212818,4,72.97373195684224,14.0
723,21.003037,5984,2024-06-20 15:56:01,52.290333,01,64.25349539981704,14.0
518,20.9981,5992,2024-06-20 15:58:58,52.2884,2,68.5521728686382,14.0
186,20.999603,6231,2024-06-20 15:52:46,52.288935,014,56.51002105220196,14.0
518,20.998182,5977,2024-06-20 16:02:07,52.288441,011,69.00158636549222,14.0
414,21.0019267,5449,2024-06-20 16:12:01,52.2899514,07,68.25834125654532,14.0
723,20.995296,5456,2024-06-20 16:00:16,52.297512,476,53.74390731387955,14.0
504,21.016508,2015,2024-06-20 16:14:08,52.166538,012,54.90156123568198,14.0
319,21.176588,1996,2024-06-20 15:50:10,52.195877,03,51.12224221611816,14.0
132,20.9903785,3419,2024-06-20 16:03:04,52.2849831,3,53.85313104894407,14.0
735,20.9842643,3440,2024-06-20 16:17:15,52.2821763,62,60.60220704101509,14.0
520,21.1070968,3435,2024-06-20 16:23:25,52.2335838,5,57.88107854175264,14.0
168,21.083876,1423,2024-06-20 15:49:36,52.207279,08,60.92940803317962,14.0
119,21.057788,1993,2024-06-20 16:20:33,52.201333,07,51.67687167508761,14.0
156,20.986583,1500,2024-06-20 15:56:21,52.283482,2,51.96361572323324,14.0
225,21.1202293,1005,2024-06-20 16:13:32,52.232474,502,52.721239199862076,14.0
156,20.9785055,1500,2024-06-20 15:58:21,52.2797785,2,65.08909419279098,14.0
509,21.0492263,3445,2024-06-20 15:53:25,52.2433741,8,62.39644487701899,14.0
112,20.9966533,3460,2024-06-20 15:51:29,52.2880888,1,52.77305890129902,14.0
319,21.177247,4303,2024-06-20 16:09:58,52.1951314,04,58.53240109723466,14.0
735,20.9873381,3440,2024-06-20 16:17:30,52.2836105,62,62.68289413685089,14.0
414,20.9982316,3424,2024-06-20 15:58:20,52.2885283,06,59.31410349894106,14.0
331,21.017675,1992,2024-06-20 15:55:25,52.162735,03,57.62977226761436,14.0
123,21.049132,1519,2024-06-20 16:11:40,52.2435621,08,58.37951546076906,14.0
119,21.0939839,4306,2024-06-20 15:57:57,52.2154592,4,55.48859562698031,14.0
148,21.057932,2018,2024-06-20 16:10:30,52.201355,4,66.46799217040193,14.0
182,21.029867,2205,2024-06-20 16:21:49,52.220554,1,79.86765339725062,14.0
518,20.9984499,3414,2024-06-20 16:21:50,52.29502,3,55.49268935455449,14.0
525,21.0299559,7753,2024-06-20 16:11:49,52.2205754,8,51.76212367245582,14.0
502,21.0299606,7754,2024-06-20 16:08:24,52.2205669,1,51.96237326723044,14.0
402,21.1204699,7757,2024-06-20 15:49:54,52.2323182,014,53.11995710956134,14.0
402,21.0930695,7757,2024-06-20 15:53:40,52.2148894,014,63.24008732598621,14.0
402,21.0571624,7757,2024-06-20 15:56:39,52.2009705,014,65.33074169394999,14.0
521,21.1352529,7810,2024-06-20 15:58:59,52.2305487,08,55.646279123583284,14.0
402,21.0579644,7814,2024-06-20 16:06:57,52.2012342,4,57.6121920075375,14.0
520,21.1083884,7825,2024-06-20 15:49:28,52.2337132,7,51.91533966180153,14.0
525,21.054841,7826,2024-06-20 15:58:23,52.2264535,5,57.66699873188361,14.0
119,21.0909422,4306,2024-06-20 15:58:12,52.2135074,4,72.01725729727133,14.0
119,21.0747309,4306,2024-06-20 16:00:00,52.2039039,4,65.43486258917348,14.0
119,21.0572946,4306,2024-06-20 16:01:43,52.201119,4,78.38865369517168,14.0
134,20.967325,4402,2024-06-20 15:54:49,52.273876,3,58.58919705829375,14.0
523,21.021268,5231,2024-06-20 15:48:35,52.218348,023,51.38697061034653,14.0
518,20.984272,5977,2024-06-20 16:01:01,52.282085,011,66.6264977062371,14.0
402,21.087294,7321,2024-06-20 16:15:55,52.211048,013,57.11164306036448,14.0
402,21.089903,7321,2024-06-20 16:15:38,52.212872,013,61.03831895522773,14.0
138,21.0492936,8325,2024-06-20 15:58:08,52.2429821,9,57.23394698740622,14.0
709,21.0180923,8310,2024-06-20 16:08:44,52.167095,014,60.559645096817334,14.0
411,21.05814,7305,2024-06-20 16:04:07,52.201206,04,59.23393600280336,14.0
148,21.093466,7255,2024-06-20 16:19:11,52.214893,8,68.49314868103696,14.0
520,21.1084709,7882,2024-06-20 15:56:03,52.2337065,8,57.53966954856376,14.0
509,21.0494664,7868,2024-06-20 16:08:10,52.2426909,9,69.21127966814527,14.0
509,21.0492099,7858,2024-06-20 16:18:28,52.243297,10,57.217588599898775,14.0
509,21.0491417,7858,2024-06-20 16:18:27,52.2434337,10,52.76197628186874,14.0
411,21.0284119,7844,2024-06-20 16:21:18,52.2202106,463,53.796403315572434,14.0
186,20.990596,5211,2024-06-20 16:21:04,52.285325,018,51.93554545417292,14.0
525,21.1376269,7885,2024-06-20 16:19:27,52.2295592,319,53.28027548843871,14.0
514,21.021235,7884,2024-06-20 15:53:45,52.218358,2,51.12117253729673,14.0
125,21.1353651,7333,2024-06-20 16:13:37,52.2305532,4,59.35768137172971,14.0
521,21.1375775,7739,2024-06-20 16:08:24,52.229588,09,69.04566618333078,14.0
525,21.1083964,7753,2024-06-20 15:59:26,52.2336966,8,52.79574894604527,14.0
504,21.0176133,8546,2024-06-20 15:53:09,52.1629467,2,58.310934103975065,14.0
132,20.9784683,8580,2024-06-20 15:56:54,52.2798067,4,69.76938105585266,14.0
518,20.967355,8584,2024-06-20 16:10:19,52.2738783,6,54.56253198511652,14.0
138,21.0496583,8820,2024-06-20 15:51:10,52.2426905,3,68.72288044372658,14.0
525,21.1079586,8829,2024-06-20 15:49:12,52.23344,09,52.75491117968261,14.0
520,21.1071413,8848,2024-06-20 15:55:24,52.2335543,3,54.19207699662183,14.0
211,20.993679,9071,2024-06-20 16:13:21,52.299171,3,63.973122699264586,14.0
326,20.976833,9438,2024-06-20 16:02:26,52.278557,2,59.370440434608646,14.0
326,20.987549,9438,2024-06-20 16:03:55,52.283661,2,53.843182816255315,14.0
525,21.1375601,7826,2024-06-20 16:11:00,52.2295555,5,57.914751338579265,14.0
525,21.1452752,7835,2024-06-20 16:19:16,52.2266181,2,57.249559125809355,14.0
525,21.137829,7835,2024-06-20 16:20:38,52.2296493,2,57.96056686213466,14.0
525,21.0548875,7837,2024-06-20 15:49:16,52.2264624,4,56.208388161752126,14.0
134,20.990797,4402,2024-06-20 16:19:53,52.285118,3,53.68980328856033,14.0
134,20.999538,4402,2024-06-20 16:20:39,52.289108,3,56.014747287723694,14.0
509,20.99539,8452,2024-06-20 16:04:29,52.297523,11,87.88706443627676,14.0
132,20.966783,8445,2024-06-20 16:16:50,52.2735559,1,52.614189846030236,14.0
326,20.967165,9440,2024-06-20 15:57:55,52.273823,3,50.43508707307439,14.0
516,20.998291,9446,2024-06-20 16:14:41,52.294735,2,55.21554226826717,14.0
326,20.998528,9438,2024-06-20 16:06:19,52.294979,2,50.945258929706895,14.0
509,21.002605,8452,2024-06-20 16:05:22,52.290565,11,57.82931596041576,14.0
138,21.021815,8325,2024-06-20 16:11:33,52.2185858,9,56.39966760056706,14.0
148,21.0911667,8342,2024-06-20 15:51:47,52.213455,6,67.02246521476889,14.0
704,21.1453342,7843,2024-06-20 15:58:47,52.2266041,03,56.03373111876302,14.0
411,21.1437429,7844,2024-06-20 16:00:52,52.2270475,463,57.81731783910588,14.0
148,21.0585667,8350,2024-06-20 15:55:31,52.2015983,3,50.77372663677643,14.0
402,21.094061,8356,2024-06-20 16:14:40,52.215288,8,64.02619942126056,14.0
525,21.1377489,7837,2024-06-20 16:03:07,52.2295166,4,59.824230986894435,14.0
112,20.999483,9916,2024-06-20 15:57:15,52.289097,013,60.99871057223464,14.0
326,20.978415,9440,2024-06-20 15:56:23,52.2798,3,62.31551697049469,13.0
186,20.976549,9904,2024-06-20 16:00:17,52.278423,2,64.31031650871269,13.0
186,20.993803,9937,2024-06-20 16:06:08,52.298893,11,54.66855147367347,13.0
525,21.1320919,7826,2024-06-20 16:10:32,52.2318344,5,56.82471117707147,13.0
168,21.0935722,7827,2024-06-20 16:18:28,52.2152037,2,59.474707748866614,13.0
168,21.0836724,7827,2024-06-20 16:19:27,52.2071527,2,52.291684869470366,13.0
525,21.0915756,7873,2024-06-20 16:10:33,52.2356014,012,50.26206052386124,13.0
402,21.0570427,7883,2024-06-20 15:48:26,52.2009195,3,74.6066484255779,13.0
525,21.1354972,7885,2024-06-20 16:19:15,52.2304809,319,60.44451678339519,13.0
148,21.087611,8331,2024-06-20 16:14:07,52.2110291,7,51.006796638849146,13.0
148,21.0937161,8331,2024-06-20 16:14:52,52.2150835,7,52.037168520772205,13.0
402,21.079564,8356,2024-06-20 16:12:40,52.204745,8,68.7818788465909,13.0
402,21.124819,8356,2024-06-20 16:19:21,52.232413,8,58.788285621073754,13.0
516,20.975901,9437,2024-06-20 16:22:54,52.315521,3,55.22553387176015,13.0
509,21.0494801,3425,2024-06-20 15:55:59,52.2428841,3,54.424768718267515,13.0
735,20.9863176,3440,2024-06-20 16:17:25,52.283138,62,63.32812702734478,13.0
112,20.986323,3460,2024-06-20 15:52:24,52.2832993,1,65.26613602195135,13.0
119,21.0937825,4306,2024-06-20 15:57:58,52.2153282,4,72.04069053640531,13.0
168,21.0857798,4323,2024-06-20 16:17:16,52.2090165,4,52.307943201638075,13.0
168,21.089949,4323,2024-06-20 16:17:42,52.2126145,4,66.81604595047577,13.0
168,21.0937991,4323,2024-06-20 16:18:02,52.2150838,4,68.35205948647395,13.0
705,20.967394,5421,2024-06-20 16:00:13,52.273884,1,61.24181076292875,13.0
112,20.983974,5443,2024-06-20 16:05:15,52.282093,7,56.84593215895795,13.0
123,21.0486618,1119,2024-06-20 15:56:24,52.2446128,07,56.76106983946094,13.0
119,21.07881,1414,2024-06-20 16:01:42,52.204525,2,76.74245091581611,13.0
156,20.9767315,1501,2024-06-20 16:01:27,52.2784801,6,50.35241264017269,13.0
156,20.983414,1501,2024-06-20 16:02:37,52.2816903,6,53.00830660948222,13.0
331,21.0187495,1992,2024-06-20 15:56:38,52.1692859,03,57.90899878598455,13.0
119,21.093738,1993,2024-06-20 16:15:50,52.215328,07,52.635068174177555,13.0
119,21.087656,1993,2024-06-20 16:16:31,52.211374,07,52.64102925048252,13.0
402,20.993071,2003,2024-06-20 15:50:26,52.180115,9,70.37536505191265,13.0
504,20.992903,2015,2024-06-20 16:06:21,52.180164,012,52.92903179302507,13.0
192,21.0182814,1026,2024-06-20 16:04:44,52.1693467,06,56.047200086854254,13.0
402,21.122789,7318,2024-06-20 16:11:01,52.232365,010,67.89384755452359,13.0
520,21.090992,7322,2024-06-20 16:08:40,52.235718,010,56.94220715615066,13.0
125,21.1322716,7335,2024-06-20 16:12:51,52.2317296,3,50.634085496249014,13.0
125,21.14518,7335,2024-06-20 16:14:27,52.22649,3,51.10255997748341,13.0
502,21.121584,7708,2024-06-20 16:05:58,52.2326023,467,50.152208334269226,13.0
521,21.1325266,7739,2024-06-20 16:08:01,52.2316557,09,57.71250912328949,13.0
525,21.1435792,7753,2024-06-20 15:51:05,52.2270989,8,61.86677647484846,13.0
509,20.9945404,7808,2024-06-20 16:22:17,52.2982371,024,64.96998509995699,13.0
521,21.1766916,7810,2024-06-20 16:11:00,52.1961334,08,59.13874592796326,13.0
168,21.0863422,2025,2024-06-20 16:01:00,52.2097334,3,75.59804804847316,13.0
168,21.0914137,2025,2024-06-20 16:01:31,52.2136139,3,63.48923366526872,13.0
168,21.0936456,2025,2024-06-20 16:01:43,52.2150447,3,66.02334482136631,13.0
148,21.093397,2032,2024-06-20 16:22:24,52.215118,5,67.99887425149936,13.0
148,21.085466,2032,2024-06-20 16:23:10,52.209053,5,64.47646755791008,13.0
401,20.9919409,2214,2024-06-20 16:14:43,52.1803809,028,53.26024389898237,13.0
187,21.028332,2239,2024-06-20 16:14:24,52.220184,5,53.064494881792214,13.0
502,21.0911181,7839,2024-06-20 16:08:46,52.2357077,462,52.905489753632594,13.0
411,21.0219649,7844,2024-06-20 16:22:27,52.2186279,463,54.749495490718445,13.0
143,21.030151,7845,2024-06-20 15:58:59,52.220628,5,74.55774946109375,13.0
188,21.021837,7850,2024-06-20 15:53:36,52.2185883,3,65.99257353685125,13.0
521,21.1366802,7862,2024-06-20 15:57:35,52.2301549,4,51.04634554638399,13.0
521,21.1327147,7862,2024-06-20 15:57:57,52.2318987,4,54.403850381145375,13.0
402,21.0863056,7866,2024-06-20 15:55:26,52.2096569,6,58.74610713618582,13.0
402,21.0944282,7866,2024-06-20 15:56:13,52.2155092,6,61.64004905018781,13.0
525,21.1449385,7873,2024-06-20 16:00:52,52.2266719,012,55.13419455359531,13.0
518,20.976875,5977,2024-06-20 16:00:00,52.278526,011,64.7771769714248,13.0
189,20.9919242,6202,2024-06-20 16:01:30,52.1805736,7,54.00400868244981,13.0
523,21.07225,6206,2024-06-20 15:50:24,52.231468,10,56.45716600490903,13.0
187,21.021872,6239,2024-06-20 15:59:46,52.218571,4,51.57545252149276,13.0
186,20.998058,7203,2024-06-20 16:00:14,52.288799,017,51.95341428966713,13.0
148,21.079317,7255,2024-06-20 16:17:15,52.204643,8,73.32167472918702,13.0
411,21.121435,7305,2024-06-20 15:54:27,52.23246,04,58.269126026767445,13.0
132,20.968262,8453,2024-06-20 16:11:35,52.274387,5,75.75633346479079,13.0
340,21.083118,8456,2024-06-20 15:51:53,52.296486,07,54.29923558535142,13.0
709,21.018211,8505,2024-06-20 15:49:16,52.168991,013,53.96561351547095,13.0
521,21.177565,8569,2024-06-20 15:58:12,52.1947983,6,66.00953831287005,13.0
402,21.0794083,8577,2024-06-20 15:58:44,52.2046367,7,66.73422999466723,13.0
525,21.1083141,8802,2024-06-20 16:17:27,52.2337436,1,59.76560008961169,13.0
525,21.122353,8829,2024-06-20 15:51:48,52.2326205,09,50.37052427247521,13.0
525,21.1366761,8829,2024-06-20 15:52:48,52.2299551,09,62.95770067183852,13.0
520,21.121359,8850,2024-06-20 16:13:46,52.2324491,011,55.88281581100358,13.0
402,21.0934456,7814,2024-06-20 16:03:33,52.2151276,4,51.414542860016425,13.0
402,21.0873614,7814,2024-06-20 16:04:08,52.2110564,4,64.47831973525061,13.0
521,21.1773432,7816,2024-06-20 16:06:12,52.1950382,011,53.144324595671726,13.0
521,21.1761123,7816,2024-06-20 16:06:20,52.1962513,011,71.4836327990271,13.0
739,21.018702,9329,2024-06-20 15:50:39,52.169071,3,60.32005825639383,13.0
739,21.018168,9304,2024-06-20 15:50:57,52.169098,1,54.0200113925198,13.0
514,21.1227441,8853,2024-06-20 15:58:07,52.2324206,1,56.825094179620045,13.0
340,21.0835098,8866,2024-06-20 16:17:24,52.2967341,06,50.425532342099984,12.0
509,21.048636,8871,2024-06-20 16:14:50,52.244469,4,55.81696271429063,12.0
314,20.976219,9075,2024-06-20 16:17:13,52.315777,1,77.33913981642475,12.0
211,20.993002,9078,2024-06-20 16:13:20,52.299797,08,64.03487360891782,12.0
326,20.994322,9415,2024-06-20 16:16:44,52.298412,06,50.59263977633755,12.0
516,21.000635,9420,2024-06-20 15:59:01,52.292458,1,62.373039199499786,12.0
516,20.976795,9437,2024-06-20 16:23:05,52.314205,3,51.856209582593,12.0
159,21.060591667,9525,2024-06-20 16:23:00,52.201631833,7,57.766643190521386,12.0
159,21.060471,9561,2024-06-20 16:12:36,52.202056333,2,63.04304405910786,12.0
186,20.993656,9927,2024-06-20 15:52:51,52.29937,1,50.30718899545648,12.0
186,20.985044,9927,2024-06-20 15:56:21,52.306973,1,56.6054031490034,12.0
186,20.975876,9927,2024-06-20 15:59:23,52.316334,1,76.3159764062438,12.0
114,21.011219,9928,2024-06-20 16:08:22,52.292862,5,52.46686801372797,12.0
186,20.967413,9937,2024-06-20 16:14:08,52.273907,11,54.99761671564249,12.0
225,21.1224438,1005,2024-06-20 16:13:42,52.2324363,502,54.313545644401756,12.0
225,21.1320966,1012,2024-06-20 15:49:23,52.2386883,501,55.823072442707414,12.0
319,21.176014,1413,2024-06-20 16:09:37,52.196423,02,50.13657739920268,12.0
115,21.178371,1416,2024-06-20 15:56:28,52.195095,6,53.78196117046302,12.0
115,21.177412,1416,2024-06-20 15:56:36,52.196049,6,56.0705532531337,12.0
168,21.079954,1423,2024-06-20 15:50:23,52.20504,08,59.83442762807777,12.0
166,21.0481208,1806,2024-06-20 16:06:55,52.2444629,5,56.27878213452816,12.0
730,21.1317461,1855,2024-06-20 16:14:43,52.2319165,52,58.27028421556802,12.0
119,21.085518,1993,2024-06-20 16:16:51,52.209139,07,51.85247418563517,12.0
189,20.985567,2004,2024-06-20 16:11:33,52.181576,15,57.41424613934651,12.0
189,20.99312,2004,2024-06-20 16:12:31,52.180088,15,62.69481858129661,12.0
504,20.985628,2015,2024-06-20 16:05:19,52.181599,012,52.71061534324051,12.0
148,21.078192,2018,2024-06-20 16:08:07,52.204514,4,60.54427078917671,12.0
168,21.088238,2023,2024-06-20 16:03:07,52.211735,1,63.2007890503381,12.0
168,21.077759,2023,2024-06-20 16:04:18,52.204388,1,60.505949533474116,12.0
168,21.079891,2025,2024-06-20 15:59:48,52.204861,3,59.1047454409017,12.0
148,21.084406,2032,2024-06-20 16:23:19,52.207825,5,61.78932661140563,12.0
138,21.03352,2045,2024-06-20 15:56:23,52.221325,011,50.67725504235205,12.0
138,21.049757,2045,2024-06-20 16:09:37,52.24247,011,52.480560388803994,12.0
182,21.0223669,2205,2024-06-20 16:23:03,52.2187636,1,56.36554460636027,12.0
401,20.9917797,2213,2024-06-20 16:18:49,52.1805125,026,52.94366342433717,12.0
401,20.986652,2213,2024-06-20 16:19:16,52.181748,026,50.08478034088897,12.0
523,21.039637,2228,2024-06-20 16:06:09,52.223125,714,56.87821646663667,12.0
190,21.0544615,3400,2024-06-20 16:00:59,52.263246,016,58.71796668484791,12.0
190,21.083663,3400,2024-06-20 16:13:19,52.296954,016,56.18310915623625,12.0
518,20.9831328,3414,2024-06-20 16:19:25,52.2816826,3,63.14298392188655,12.0
132,20.9830526,3419,2024-06-20 16:02:24,52.2816851,3,54.17132935016644,12.0
190,21.0835516,3420,2024-06-20 15:59:08,52.2970366,1,53.15974245347209,12.0
190,21.0548966,3420,2024-06-20 16:11:47,52.2635866,1,50.4359770980372,12.0
509,20.9985451,3421,2024-06-20 16:14:54,52.2944868,12,55.49245906937104,12.0
509,21.048812,3425,2024-06-20 15:56:09,52.2441696,3,54.00155534443925,12.0
509,21.0033441,3425,2024-06-20 16:19:37,52.2900635,3,60.26422469251208,12.0
509,20.9853475,3428,2024-06-20 16:06:23,52.3066873,1,57.22076455359127,12.0
190,21.0834368,3431,2024-06-20 16:17:57,52.2966716,3,54.661318091499325,12.0
735,21.0031446,3440,2024-06-20 16:18:50,52.2899175,62,58.26436481667387,12.0
190,21.0543625,3452,2024-06-20 16:17:00,52.263205,2,69.38583732965077,12.0
190,21.0852345,3457,2024-06-20 16:04:05,52.2988221,11,57.23576248649809,12.0
340,21.0833931,3463,2024-06-20 15:57:19,52.2966661,04,51.376458701865175,12.0
512,21.0549446,3464,2024-06-20 15:59:10,52.2635723,5,52.61498216727083,12.0
509,20.9945246,3468,2024-06-20 15:55:48,52.2985015,020,51.74828606256659,12.0
119,21.0843682,4306,2024-06-20 15:58:47,52.2077797,4,77.87843236475923,12.0
134,20.983543,4402,2024-06-20 16:19:12,52.281803,3,50.002667354693266,12.0
134,21.000595,4413,2024-06-20 15:59:57,52.289524,2,53.59350492326376,12.0
401,20.985586,5243,2024-06-20 16:01:32,52.181608,9,55.12203497443249,12.0
112,20.96747,5418,2024-06-20 16:14:56,52.274044,2,77.41782635581266,12.0
738,21.083632,5437,2024-06-20 16:04:28,52.297142,5,50.112432044829376,12.0
140,21.083805,5446,2024-06-20 16:13:26,52.297108,09,50.04263629275241,12.0
723,20.993649,5448,2024-06-20 15:52:26,52.29945,732,52.501249467820635,12.0
414,20.958546,5449,2024-06-20 15:51:00,52.222958,07,59.66096088494617,12.0
414,20.9835792,5449,2024-06-20 16:10:25,52.2817951,07,63.911705551596974,12.0
518,20.9844,5992,2024-06-20 15:57:56,52.2822,2,65.55906076412013,12.0
518,21.0003,5992,2024-06-20 15:59:08,52.2891,2,60.72079699879588,12.0
518,20.9852,5992,2024-06-20 16:04:57,52.3068,2,53.74227639168826,12.0
518,20.97595,5992,2024-06-20 16:08:45,52.315739,2,53.3404096058756,12.0
186,20.995059,6231,2024-06-20 15:54:26,52.298009,014,54.51727423868638,12.0
190,21.0548269,7236,2024-06-20 15:50:14,52.263566,014,51.842407929127184,12.0
411,21.085234,7305,2024-06-20 15:59:59,52.20874,04,61.63250070015165,12.0
402,21.132303,7318,2024-06-20 16:15:05,52.238892,010,72.042790051454,12.0
402,21.09128,7321,2024-06-20 16:15:30,52.213753,013,56.53123650841824,12.0
521,21.137129,7327,2024-06-20 16:21:42,52.229805,1,55.393480367324706,12.0
125,21.1370537,7328,2024-06-20 15:57:23,52.2297987,07,50.62192533716158,12.0
502,21.1237663,7708,2024-06-20 16:06:08,52.2326513,467,53.53886874275062,12.0
401,20.9855467,7717,2024-06-20 15:49:41,52.1815759,8,55.72754606935829,12.0
401,20.9925455,7717,2024-06-20 15:50:39,52.1802186,8,60.30695889364076,12.0
402,21.0836017,7757,2024-06-20 15:54:32,52.2070945,014,62.071731284794886,12.0
402,21.0738849,7757,2024-06-20 15:55:42,52.203813,014,80.0392979817938,12.0
182,21.0624315,7759,2024-06-20 16:03:55,52.2283777,3,50.89876396863374,12.0
514,21.1085999,7800,2024-06-20 16:09:27,52.2337021,3,52.176480380787936,12.0
514,21.0222796,7800,2024-06-20 16:23:22,52.2186873,3,57.21172308325709,12.0
521,21.1374055,7810,2024-06-20 15:59:11,52.2296202,08,53.79331361366115,12.0
402,21.1227054,7814,2024-06-20 15:59:10,52.2328552,4,55.44356174116275,12.0
521,21.1373099,7816,2024-06-20 16:18:28,52.2298844,011,94.9773496772864,12.0
168,21.0848949,7827,2024-06-20 16:19:16,52.2083789,2,73.9115571999566,12.0
525,21.1433424,7835,2024-06-20 16:19:26,52.2272067,2,52.92605313864875,12.0
502,21.143251,7839,2024-06-20 15:57:36,52.2272534,462,62.491205259048485,12.0
502,21.1215976,7839,2024-06-20 16:03:17,52.2328051,462,61.472488575035996,12.0
151,21.0223134,7841,2024-06-20 15:54:04,52.2186989,07,55.63015475647267,12.0
411,21.1198511,7844,2024-06-20 16:03:07,52.2322756,463,58.73809037541631,12.0
704,21.1445676,7847,2024-06-20 16:07:58,52.2266098,2,51.01022179254589,12.0
704,21.1677063,7847,2024-06-20 16:11:25,52.2256453,2,50.63705127615806,12.0
509,20.9937904,7848,2024-06-20 15:51:18,52.2992861,15,83.92584927808286,12.0
520,21.0225462,7869,2024-06-20 15:48:26,52.2187505,09,52.63205156657747,12.0
143,21.0622602,7870,2024-06-20 16:01:30,52.2283084,3,59.242883974744586,12.0
525,21.0622592,7885,2024-06-20 16:06:12,52.2283231,319,53.881478925851276,12.0
148,21.0831967,8342,2024-06-20 15:50:28,52.206495,6,65.43771831452914,12.0
402,21.132261,8356,2024-06-20 16:23:01,52.238889,8,54.21033825875253,12.0
402,21.1296042,8365,2024-06-20 16:16:47,52.2364817,5,58.04362065305854,12.0
402,21.1200628,8365,2024-06-20 16:20:13,52.2321243,5,56.825867090544854,12.0
509,20.993467,8452,2024-06-20 16:04:07,52.299377,11,50.346365208491775,12.0
190,21.054764,8457,2024-06-20 16:04:08,52.263561,015,61.906780550289085,12.0
705,20.984091,8460,2024-06-20 15:54:03,52.282036,07,50.77898454794222,12.0
705,21.003107,8460,2024-06-20 15:55:39,52.289875,07,56.37521178319417,12.0
705,20.995193,8460,2024-06-20 15:57:00,52.29805,07,55.94513440710207,12.0
502,21.143076,8564,2024-06-20 16:15:01,52.2273186,09,52.98487550434721,12.0
411,21.137395,8571,2024-06-20 16:03:14,52.2296317,466,53.4141714939647,12.0
411,21.1677667,8571,2024-06-20 16:08:16,52.2256333,466,55.550335816861974,12.0
411,21.1710967,8571,2024-06-20 16:08:31,52.2255433,466,54.48879747224212,12.0
523,20.959581,8575,2024-06-20 16:09:37,52.221009,2,50.776398774002544,12.0
132,20.9678683,8580,2024-06-20 15:58:47,52.274155,4,50.754062353553465,12.0
140,21.083451,8591,2024-06-20 15:58:41,52.296788,04,53.69795368497325,12.0
504,21.0174128,8806,2024-06-20 16:09:23,52.1560739,6,53.27295106173184,12.0
158,21.0906036,8839,2024-06-20 15:50:31,52.2358066,4,54.7639775003573,12.0
720,21.1679118,8845,2024-06-20 16:07:41,52.2258991,2,61.970927022658294,12.0
720,21.1431803,8845,2024-06-20 16:11:04,52.2272593,2,58.62062956939708,12.0
509,20.9757466,8865,2024-06-20 16:22:21,52.3156973,13,53.88799232177818,12.0
186,20.958586,9932,2024-06-20 16:09:16,52.222061,8,62.11439052365367,11.0
226,21.043575,9699,2024-06-20 16:18:38,52.302677,1,62.59132348105427,11.0
226,21.038467,9694,2024-06-20 16:20:05,52.301071,3,61.279228400499036,11.0
226,21.045248,9694,2024-06-20 15:54:46,52.303089,3,63.25439630402598,11.0
715,21.017852333,9537,2024-06-20 16:06:30,52.134309,56,60.208514622493624,11.0
226,21.037708,9458,2024-06-20 16:00:15,52.30088,2,52.771068372654995,11.0
326,21.046677,9454,2024-06-20 16:09:13,52.303192,5,61.831353380851844,11.0
402,21.131815,8577,2024-06-20 16:10:04,52.23824,7,50.10958407815964,11.0
182,21.0903483,8576,2024-06-20 16:20:26,52.23584,2,54.534753460121685,11.0
125,21.1088017,8573,2024-06-20 16:18:45,52.2410517,06,51.64420525858527,11.0
340,21.085293,8446,2024-06-20 16:00:16,52.299133,01,62.741233643885785,11.0
132,21.0161,8445,2024-06-20 16:07:48,52.295,1,50.75574901202472,11.0
132,21.036396,8445,2024-06-20 16:04:29,52.300934,1,53.93610700776795,11.0
402,21.086866,8356,2024-06-20 16:14:00,52.210444,8,54.408252762711136,11.0
516,20.976263,9420,2024-06-20 15:52:40,52.314953,1,56.09538014997645,11.0
326,21.037577,9405,2024-06-20 16:15:23,52.301163,07,64.52411342029617,11.0
512,21.0541971,8863,2024-06-20 15:59:24,52.2630735,3,58.54453820038101,11.0
720,21.1732123,8845,2024-06-20 16:07:20,52.225734,2,61.594413838635546,11.0
158,21.0918869,8839,2024-06-20 15:50:25,52.2355697,4,52.41039281712274,11.0
411,21.0397038,8830,2024-06-20 15:52:26,52.2232153,720,54.5968329966657,11.0
525,21.124914,8829,2024-06-20 15:51:59,52.2326663,09,57.103782660540695,11.0
138,21.0487725,8820,2024-06-20 15:51:21,52.2444801,3,68.05075743408615,11.0
504,20.9863535,8806,2024-06-20 15:59:24,52.1813656,6,74.7682987495683,11.0
518,20.9755017,8584,2024-06-20 15:58:14,52.3161283,6,57.25198637683576,11.0
132,20.9859417,8580,2024-06-20 15:55:48,52.2832233,4,52.066756172665116,11.0
815,21.0177873,9228,2024-06-20 16:18:05,52.1344535,573,56.033450278720146,11.0
305,21.169007,9201,2024-06-20 15:59:25,52.225572,1,58.4793603764558,11.0
709,21.0190555,8896,2024-06-20 15:54:46,52.170031,8,56.12579144596932,11.0
709,21.0173693,8891,2024-06-20 16:14:58,52.155976,012,63.06663998810109,11.0
709,21.0184968,8891,2024-06-20 16:13:28,52.1697073,012,54.22586139355251,11.0
709,21.0188886,8891,2024-06-20 15:48:56,52.1697465,012,58.197477037899084,11.0
509,20.975736,8868,2024-06-20 15:49:27,52.315914,14,64.25206132163017,11.0
739,21.0185213,9346,2024-06-20 16:14:03,52.1685701,4,68.16336863504802,11.0
739,21.017969,9329,2024-06-20 16:17:03,52.16877,3,55.88079048145606,11.0
739,21.019457,9329,2024-06-20 15:50:54,52.171173,3,57.440624002917865,11.0
739,21.017818,9328,2024-06-20 16:11:22,52.13504,2,53.9219033672856,11.0
739,21.017847,9304,2024-06-20 15:59:05,52.134174,1,52.28608111152969,11.0
739,21.017218,9304,2024-06-20 15:51:48,52.162376,1,53.689334488478124,11.0
739,21.018591,9304,2024-06-20 15:50:51,52.169865,1,52.83618151319945,11.0
192,21.017189,1028,2024-06-20 15:50:14,52.161972,1,56.21438054216141,11.0
192,21.0189265,1026,2024-06-20 15:54:03,52.1698226,06,54.16922951361597,11.0
168,21.079981,2023,2024-06-20 16:04:08,52.205044,1,55.620749490278214,11.0
168,21.08679,2023,2024-06-20 16:03:17,52.210503,1,60.77560417004342,11.0
148,21.085604,2018,2024-06-20 16:06:56,52.209209,4,68.55926229875341,11.0
402,20.985899,2003,2024-06-20 15:48:59,52.181747,9,58.60267886622646,11.0
183,21.090266,1848,2024-06-20 15:53:10,52.2358836,07,51.04464809564319,11.0
115,21.178339,1840,2024-06-20 16:02:41,52.195136,2,63.965320463401355,11.0
134,20.967735,1554,2024-06-20 16:14:37,52.273908,06,51.065733036972006,11.0
156,21.0121258,1501,2024-06-20 16:06:07,52.2931623,6,50.2523948963739,11.0
156,20.9662193,1500,2024-06-20 16:00:01,52.2739243,2,51.479654462724305,11.0
168,21.084896,1423,2024-06-20 15:49:28,52.208324,08,55.65642865670759,11.0
119,21.088179,1414,2024-06-20 16:03:06,52.211521,2,71.37246570032097,11.0
119,21.083479,1414,2024-06-20 16:02:07,52.206715,2,57.69489753008946,11.0
319,21.176229,1204,2024-06-20 15:54:25,52.196171,01,55.6283868374106,11.0
739,21.017654,1200,2024-06-20 15:53:27,52.161991,07,65.57253273394417,11.0
173,21.1075053,1101,2024-06-20 16:06:07,52.2411541,6,52.85097948949962,11.0
192,21.0171729,1064,2024-06-20 16:22:50,52.162116,2,55.44463564238165,11.0
123,21.0497363,4328,2024-06-20 16:12:50,52.242446,1,57.46120851511385,11.0
168,21.0771886,4323,2024-06-20 16:15:53,52.2040628,4,62.10991769431223,11.0
722,21.1671456,4313,2024-06-20 15:52:52,52.2256303,61,60.72397816858096,11.0
173,21.132022,4311,2024-06-20 16:02:28,52.2385764,011,59.80305913585125,11.0
119,21.0607761,4306,2024-06-20 16:01:31,52.2021034,4,50.53995294289793,11.0
119,21.077823,4306,2024-06-20 15:59:48,52.2044106,4,68.98234141525079,11.0
119,21.0880646,4306,2024-06-20 15:58:24,52.2116387,4,85.70546861553362,11.0
190,21.055534,3457,2024-06-20 15:51:01,52.2636803,11,64.6101766462846,11.0
509,21.0039201,3442,2024-06-20 16:09:35,52.289454,2,53.91907751093166,11.0
132,21.044657,3441,2024-06-20 16:17:27,52.3029105,010,68.91939092994994,11.0
735,21.0006675,3440,2024-06-20 16:19:25,52.2929743,62,51.883613059761636,11.0
340,21.084034,3434,2024-06-20 16:06:22,52.297359,05,60.180362835331145,11.0
509,20.9755231,3421,2024-06-20 16:08:08,52.3161845,12,61.27566783075749,11.0
401,20.986143,2214,2024-06-20 16:13:46,52.181461,028,82.36655713796817,11.0
182,21.090202,2205,2024-06-20 16:12:00,52.235859,1,58.897925339589285,11.0
168,21.077253,2025,2024-06-20 15:59:36,52.204136,3,72.54397737404607,11.0
138,21.027781,5452,2024-06-20 15:51:39,52.220032,8,77.62164193245086,11.0
414,21.010853,5449,2024-06-20 16:13:02,52.292763,07,63.797443136593586,11.0
414,20.95929,5449,2024-06-20 15:50:50,52.221539,07,54.56748314957555,11.0
160,21.054041,5444,2024-06-20 16:09:33,52.263016,514,59.77694583047776,11.0
731,20.985577,5438,2024-06-20 16:08:29,52.30661,478,54.16780982759719,11.0
705,20.999159,5421,2024-06-20 15:55:38,52.289734,1,52.889142707628395,11.0
705,20.99324,5421,2024-06-20 15:54:00,52.299545,1,55.60699951314934,11.0
140,21.083427,5419,2024-06-20 16:06:08,52.296879,2,74.62980613722895,11.0
112,20.978796,5418,2024-06-20 16:13:10,52.27998,2,52.000038120686824,11.0
189,20.986243,5239,2024-06-20 16:07:43,52.181393,14,51.58305876542738,11.0
414,21.015893,5212,2024-06-20 16:12:40,52.295246,05,52.68235154380891,11.0
186,20.993201,5211,2024-06-20 16:18:23,52.299613,018,50.400908299029986,11.0
188,21.002158,5202,2024-06-20 15:56:38,52.216988,1,58.637416328078956,11.0
134,21.037493,4425,2024-06-20 16:22:13,52.301125,1,67.61393732039102,11.0
134,21.011902,4413,2024-06-20 16:01:41,52.293156,2,52.93258728474443,11.0
134,20.985365,4402,2024-06-20 16:19:22,52.282619,3,55.29817754291478,11.0
402,21.077267,7321,2024-06-20 16:17:28,52.204334,013,55.58668258375992,11.0
402,21.084269,7321,2024-06-20 16:16:19,52.207684,013,64.0633172001526,11.0
402,21.060305,7318,2024-06-20 16:04:39,52.201694,010,78.28361114302496,11.0
411,21.073826,7305,2024-06-20 16:03:02,52.203785,04,55.5475068920982,11.0
414,20.959639,7217,2024-06-20 16:13:02,52.220821,01,52.55576507280924,11.0
414,20.958668,7217,2024-06-20 16:12:51,52.222137,01,56.73522903782271,11.0
189,20.98501,7206,2024-06-20 15:59:44,52.181709,13,50.26314379926372,11.0
182,21.027851,6243,2024-06-20 15:59:35,52.220066,8,50.78688163289603,11.0
186,21.003623,6231,2024-06-20 15:53:05,52.290123,014,57.5352927025365,11.0
518,21.0035,5992,2024-06-20 15:59:22,52.2899,2,60.46060709290967,11.0
518,21.003664,5977,2024-06-20 16:02:27,52.290081,011,74.71173221440677,11.0
518,20.976334,5969,2024-06-20 16:22:16,52.314888,08,65.57611339482452,11.0
116,21.082647,5929,2024-06-20 15:56:56,52.166416,4,55.493070316700816,11.0
519,21.082777,5886,2024-06-20 16:11:10,52.166367,8,57.89221118915416,11.0
145,21.016136,5458,2024-06-20 16:14:49,52.294994,4,51.1848786930018,11.0
132,21.045504,5453,2024-06-20 16:21:15,52.302921,09,67.16802987547999,11.0
402,21.0895792,7814,2024-06-20 16:03:55,52.2126495,4,62.37952161209386,11.0
402,21.1198256,7814,2024-06-20 15:59:25,52.2319909,4,52.41674086831505,11.0
509,20.9943981,7808,2024-06-20 16:22:16,52.2983741,024,55.55907632191703,11.0
514,21.0903847,7800,2024-06-20 16:12:51,52.2358017,3,54.162318543119696,11.0
402,21.061123,7757,2024-06-20 15:56:24,52.2021104,014,74.21572059358964,11.0
402,21.078663,7757,2024-06-20 15:55:26,52.204643,014,69.31437499292848,11.0
402,21.084438,7757,2024-06-20 15:54:26,52.207871,014,76.54148721219754,11.0
402,21.0878572,7757,2024-06-20 15:54:04,52.2115187,014,79.31699891309502,11.0
143,21.1074232,7741,2024-06-20 15:55:01,52.2411662,2,52.13769115347583,11.0
521,21.1387391,7739,2024-06-20 16:08:31,52.229076,09,50.12674524601422,11.0
523,20.9585332,7735,2024-06-20 16:11:01,52.2222767,018,51.129288012982364,11.0
525,21.0396154,7730,2024-06-20 16:03:07,52.2232372,011,54.55220350112977,11.0
502,21.1684668,7708,2024-06-20 16:12:21,52.2255933,467,54.27348873737484,11.0
502,21.1456185,7708,2024-06-20 16:08:30,52.2263831,467,52.8434801867146,11.0
523,20.9583256,7707,2024-06-20 15:55:01,52.2227581,1,50.40119867972023,11.0
520,21.076431,7322,2024-06-20 16:12:07,52.234043,010,51.74451951301689,11.0
502,21.1666021,7861,2024-06-20 16:21:53,52.2256872,719,51.74814008448105,11.0
509,20.9984829,7858,2024-06-20 15:58:59,52.2945689,10,56.3321042253221,11.0
509,20.99403,7858,2024-06-20 15:58:23,52.2986751,10,52.38234113570534,11.0
188,21.0317229,7850,2024-06-20 15:51:51,52.2210314,3,50.920101159184334,11.0
143,21.0207514,7845,2024-06-20 16:00:17,52.218331,5,53.73843273682196,11.0
143,21.0278485,7845,2024-06-20 15:59:10,52.2200653,5,55.26586598005473,11.0
411,21.1717806,7844,2024-06-20 15:56:39,52.2256364,463,75.59684438214128,11.0
704,21.1429572,7843,2024-06-20 15:58:59,52.2273734,03,54.93265766074957,11.0
502,21.0313621,7839,2024-06-20 16:17:42,52.2209414,462,52.711198979064,11.0
188,21.0317012,7838,2024-06-20 16:06:12,52.221025,4,52.035197294691386,11.0
525,21.124128,7837,2024-06-20 16:02:06,52.2326849,4,52.124966845899436,11.0
525,21.1250252,7826,2024-06-20 16:10:01,52.2326595,5,57.54873685818495,11.0
525,21.119628,7826,2024-06-20 16:09:38,52.232578,5,50.75026089146674,11.0
520,21.0901744,7825,2024-06-20 15:52:50,52.2358517,7,55.396971299993815,11.0
402,21.0846127,7814,2024-06-20 16:04:29,52.208054,4,62.28039555021995,11.0
402,21.0856745,7814,2024-06-20 16:04:20,52.2092939,4,68.15989083824171,11.0
402,21.068743,8356,2024-06-20 16:12:00,52.202998,8,68.22510751305845,11.0
148,21.0708817,8350,2024-06-20 15:53:10,52.2035533,3,71.39104453412394,11.0
148,21.0840567,8350,2024-06-20 15:51:27,52.207535,3,50.8829673025894,11.0
148,21.0855483,8350,2024-06-20 15:51:12,52.2092083,3,56.35964257159209,11.0
148,21.0858817,8342,2024-06-20 15:51:15,52.2091867,6,52.904342331179365,11.0
709,21.0189075,8328,2024-06-20 16:14:41,52.1696433,2,79.74945423008855,11.0
709,21.019469,8310,2024-06-20 16:09:14,52.1713078,014,57.33102722218183,11.0
525,21.1254295,7885,2024-06-20 16:18:27,52.232681,319,53.058693931513034,11.0
520,21.0318262,7882,2024-06-20 16:08:25,52.221055,8,53.48095184807242,11.0
520,21.0409011,7882,2024-06-20 16:06:58,52.2237144,8,54.79582226565723,11.0
525,21.142708,7873,2024-06-20 16:01:03,52.2274702,012,57.58464296259285,11.0
509,21.0486662,7868,2024-06-20 16:08:00,52.244349,9,59.508641705571115,11.0
402,21.0880891,7866,2024-06-20 15:55:39,52.2114057,6,63.50000114422041,11.0
402,21.0835892,7866,2024-06-20 15:54:26,52.2067387,6,51.509982144910374,11.0
402,21.080087,7866,2024-06-20 15:54:04,52.2048927,6,74.6419952412263,11.0
402,21.0596422,7866,2024-06-20 15:52:51,52.2014944,6,55.60784215959998,11.0
114,21.000954,9919,2024-06-20 15:49:34,52.289627,4,52.10153079330587,10.0
112,21.011003,9916,2024-06-20 15:58:46,52.292812,013,55.70046688539521,10.0
167,20.95798,9809,2024-06-20 15:49:57,52.22349,5,52.49912546432411,10.0
326,21.04034,9454,2024-06-20 15:48:52,52.301826,5,65.83369048543766,10.0
326,21.047791,9454,2024-06-20 15:48:22,52.303719,5,50.857238389212625,10.0
516,20.977266,9446,2024-06-20 16:09:15,52.313484,2,54.09393102187062,10.0
326,20.985674,9438,2024-06-20 16:12:34,52.306568,2,52.104809057317574,10.0
516,20.97707,9420,2024-06-20 15:52:50,52.313675,1,54.83799367915476,10.0
326,21.044886,9405,2024-06-20 16:14:53,52.303009,07,51.76508807313193,10.0
326,21.047104,9403,2024-06-20 15:48:56,52.303261,4,66.36266053307638,10.0
326,21.044601,9403,2024-06-20 15:48:46,52.302624,4,65.56429143236534,10.0
326,21.037188,9403,2024-06-20 15:48:16,52.300728,4,50.38111003109629,10.0
739,21.017735,9328,2024-06-20 16:03:18,52.168182,2,53.185315221502044,10.0
739,21.01783,9304,2024-06-20 15:59:00,52.134827,1,52.769920857283964,10.0
709,21.0178078,8891,2024-06-20 16:21:49,52.1346526,012,55.12091571329136,10.0
709,21.019565,8890,2024-06-20 16:06:07,52.1715356,7,51.0268863196966,10.0
509,20.9748695,8865,2024-06-20 16:22:11,52.3169321,13,56.034794138246724,10.0
512,21.056054,8863,2024-06-20 15:59:34,52.2639846,3,58.30802520916575,10.0
514,21.1258065,8853,2024-06-20 15:58:19,52.232536,1,62.68529596786497,10.0
720,21.1903346,8845,2024-06-20 16:06:17,52.2250201,2,66.45933428124802,10.0
525,21.1386115,8829,2024-06-20 15:52:59,52.2290988,09,53.21686654016315,10.0
120,21.0556718,8813,2024-06-20 16:22:41,52.2639805,09,54.958785741510994,10.0
504,20.9923583,8806,2024-06-20 16:00:15,52.1802003,6,58.96843050140284,10.0
140,21.085428,8591,2024-06-20 15:58:21,52.299183,04,50.314656993836294,10.0
414,20.95887,8582,2024-06-20 15:59:13,52.221795,09,51.47052226120743,10.0
402,21.1233833,8577,2024-06-20 16:05:10,52.2323983,7,52.26824699593446,10.0
402,21.071005,8577,2024-06-20 15:58:12,52.203245,7,73.73873840644235,10.0
411,21.061445,8565,2024-06-20 16:00:55,52.228165,01,55.024057942501585,10.0
132,20.9859626,3419,2024-06-20 16:02:39,52.2829796,3,58.741439856055095,10.0
148,21.086927,2032,2024-06-20 16:22:58,52.210766,5,69.35543390811019,10.0
148,21.07115,2018,2024-06-20 16:08:35,52.203545,4,57.99771152691809,10.0
148,21.073717,2018,2024-06-20 16:08:24,52.2038,4,63.57797052693503,10.0
709,21.017683,2016,2024-06-20 16:01:42,52.168072,6,68.65946432728671,10.0
119,21.072301,1993,2024-06-20 16:18:32,52.203623,07,52.40711226246606,10.0
331,21.017572,1992,2024-06-20 16:17:19,52.167744,03,54.77910476593573,10.0
183,21.0922885,1848,2024-06-20 15:53:00,52.2355805,07,50.34787612568526,10.0
702,21.1086771,1838,2024-06-20 15:56:55,52.240861,2,55.7464107928903,10.0
736,20.993158,1814,2024-06-20 16:16:05,52.299718,2,51.22582437494065,10.0
134,20.979193,1554,2024-06-20 16:12:57,52.279985,06,56.29916614308764,10.0
134,21.044266,1554,2024-06-20 16:01:16,52.302734,06,57.504436129598645,10.0
122,20.984616,1545,2024-06-20 16:10:12,52.281579,3,52.130074875870946,10.0
156,21.0012823,1501,2024-06-20 16:04:17,52.2897578,6,75.43487610240278,10.0
119,21.091862,1414,2024-06-20 16:03:32,52.213913,2,60.74957749645962,10.0
192,21.0184479,1026,2024-06-20 15:53:51,52.1682255,06,54.251688899414326,10.0
142,21.1100942,4318,2024-06-20 16:03:32,52.2407537,07,55.040311128071245,10.0
722,21.1697871,4313,2024-06-20 15:53:02,52.2255453,61,64.86060081673779,10.0
119,21.061362,4306,2024-06-20 16:01:28,52.2022239,4,60.85695604370192,10.0
340,21.085099,3463,2024-06-20 15:57:34,52.29871,04,61.23971382064055,10.0
112,20.9821911,3460,2024-06-20 15:52:59,52.2813878,1,53.152854739928465,10.0
518,20.9660182,3443,2024-06-20 16:13:43,52.2736156,012,50.20269695743599,10.0
509,20.985881,3442,2024-06-20 16:18:40,52.3062505,2,50.75095453412784,10.0
132,21.0384155,3441,2024-06-20 16:17:51,52.3013115,010,67.1691529047891,10.0
132,21.0477731,3441,2024-06-20 16:17:15,52.3037091,010,52.38354393293531,10.0
735,21.0009685,3440,2024-06-20 16:18:40,52.2893286,62,59.55111312969547,10.0
340,21.082926,3434,2024-06-20 16:06:12,52.296017,05,50.203141189898616,10.0
190,21.0559391,3431,2024-06-20 16:04:48,52.2639785,3,68.80731898654103,10.0
509,20.9773065,3421,2024-06-20 16:08:28,52.3135203,12,53.056447024706635,10.0
190,21.0847233,3420,2024-06-20 15:58:56,52.29846,1,54.68748487022544,10.0
132,21.0474283,3419,2024-06-20 16:11:34,52.3034738,3,67.85368148144083,10.0
132,21.04434,3419,2024-06-20 16:11:22,52.302718,3,63.78140220930205,10.0
188,21.001751,6225,2024-06-20 16:13:11,52.216976,2,56.05098860266737,10.0
723,20.975985,5456,2024-06-20 15:54:50,52.315083,476,64.78621980480166,10.0
132,20.984715,5453,2024-06-20 16:12:34,52.282379,09,57.26084808091606,10.0
132,20.976141,5453,2024-06-20 16:11:10,52.27829,09,63.52053611306111,10.0
414,20.960028,5449,2024-06-20 15:50:40,52.220253,07,59.76783114539761,10.0
723,20.984823,5448,2024-06-20 15:56:10,52.307201,732,58.13124961551444,10.0
132,21.047626,5435,2024-06-20 15:50:28,52.303417,2,64.16272970502797,10.0
132,21.043753,5435,2024-06-20 15:50:12,52.302433,2,63.56386535199927,10.0
138,21.049826,5420,2024-06-20 16:23:03,52.242435,4,50.39073372745956,10.0
523,21.040293,5245,2024-06-20 16:03:09,52.223438,11,55.274806330983694,10.0
189,20.992419,5239,2024-06-20 16:08:43,52.180203,14,53.18849615574334,10.0
189,20.992441,5238,2024-06-20 15:52:31,52.180284,12,54.61218705816399,10.0
134,21.048651,4413,2024-06-20 16:07:21,52.30368,2,57.38224773380734,10.0
134,21.03718,4413,2024-06-20 16:06:30,52.300747,2,50.58156568448764,10.0
134,21.010677,4402,2024-06-20 16:22:15,52.292751,3,57.44208706325091,10.0
168,21.087141,4323,2024-06-20 16:17:26,52.210572,4,70.65424016110931,10.0
188,21.0617158,7728,2024-06-20 16:02:06,52.2281811,6,50.311251643651005,10.0
502,21.1715961,7708,2024-06-20 16:12:36,52.2254678,467,51.26456183041341,10.0
502,21.1262148,7708,2024-06-20 16:06:18,52.2326751,467,60.03679790632601,10.0
523,20.9597701,7707,2024-06-20 15:55:22,52.2201653,1,52.223198828234764,10.0
521,21.177835,7323,2024-06-20 15:49:16,52.194443,07,64.4114972702727,10.0
521,21.175686,7323,2024-06-20 15:49:00,52.196655,07,60.11196307474333,10.0
402,21.060011,7321,2024-06-20 16:18:41,52.201851,013,59.221633472545435,10.0
402,21.080273,7318,2024-06-20 16:05:46,52.204968,010,76.58364167850135,10.0
411,21.126009,7305,2024-06-20 15:54:50,52.232662,04,72.13098158900216,10.0
182,21.040068,7303,2024-06-20 16:09:27,52.223415,9,53.69671395451148,10.0
148,21.059771,7255,2024-06-20 16:13:48,52.201435,8,61.514564946855245,10.0
414,20.958977,7231,2024-06-20 16:18:52,52.221554,03,61.95743093229859,10.0
186,20.993099,7203,2024-06-20 15:58:20,52.29969,017,53.33461483396351,10.0
414,20.959764,6235,2024-06-20 16:17:01,52.220238,02,50.77600330913923,10.0
414,20.958654,6235,2024-06-20 16:16:46,52.222015,02,51.05228235753484,10.0
186,20.985166,6231,2024-06-20 15:51:26,52.282665,014,56.994263705151276,10.0
502,21.1673086,7805,2024-06-20 16:23:14,52.2257684,464,76.10441603620502,10.0
502,21.1704072,7805,2024-06-20 16:23:04,52.2256595,464,64.96651447957579,10.0
502,21.1848217,7805,2024-06-20 16:22:16,52.2251514,464,71.34347021874153,10.0
514,21.0280546,7800,2024-06-20 16:22:25,52.2201115,3,61.181248474468816,10.0
182,21.093154,7759,2024-06-20 16:10:13,52.2352377,3,59.218106985424406,10.0
182,21.0626249,7759,2024-06-20 16:03:56,52.2284247,3,51.01590892296621,10.0
402,21.1163381,7757,2024-06-20 15:50:16,52.2297754,014,65.27600452273647,10.0
525,21.0426732,7753,2024-06-20 16:10:12,52.2241194,8,58.01645776668788,10.0
525,21.0685414,7753,2024-06-20 16:06:58,52.230194,8,50.188779069966735,10.0
525,21.1190907,7753,2024-06-20 15:57:23,52.2327021,8,54.09235592887422,10.0
525,21.146189,7753,2024-06-20 15:50:54,52.2265204,8,58.162988903333755,10.0
525,21.1495037,7753,2024-06-20 15:50:40,52.2263965,8,54.00577604630775,10.0
520,21.1321899,7747,2024-06-20 16:10:13,52.2387167,4,51.26701885226461,10.0
520,21.0919512,7747,2024-06-20 15:57:58,52.2353742,4,50.34135539233173,10.0
143,21.1317855,7741,2024-06-20 16:03:55,52.2383139,2,52.1538632590196,10.0
143,21.032618,7732,2024-06-20 16:14:56,52.221072,012,51.35161011303394,10.0
411,21.1257852,7844,2024-06-20 16:02:42,52.2327737,463,62.931209390133226,10.0
704,21.1718487,7843,2024-06-20 15:53:39,52.2256065,03,61.5388713078185,10.0
704,21.1904739,7843,2024-06-20 15:52:26,52.2249697,03,64.43175180551053,10.0
502,21.0227661,7839,2024-06-20 16:18:55,52.2188111,462,55.42984009107725,10.0
502,21.040214,7839,2024-06-20 16:16:22,52.2234877,462,63.5713355823379,10.0
502,21.1463424,7839,2024-06-20 15:57:23,52.2265234,462,57.98622177581767,10.0
502,21.1669447,7839,2024-06-20 15:53:28,52.2258032,462,64.31768148210398,10.0
502,21.1706079,7839,2024-06-20 15:53:14,52.2256457,462,70.27610369090318,10.0
502,21.1845147,7839,2024-06-20 15:52:25,52.2251879,462,76.50827350222686,10.0
525,21.0926956,7837,2024-06-20 15:56:12,52.235271,4,52.577987097824774,10.0
523,20.9590106,7829,2024-06-20 16:23:03,52.2215156,3,54.156327822926684,10.0
525,21.0617974,7826,2024-06-20 15:58:59,52.2281969,5,58.805215180818955,10.0
520,21.0413162,7825,2024-06-20 16:00:52,52.2238225,7,55.07845778354664,10.0
520,21.0897409,7825,2024-06-20 15:52:52,52.2359299,7,55.39342357735759,10.0
402,21.0686794,7814,2024-06-20 16:06:12,52.2031331,4,66.98961899121446,10.0
509,21.0009857,7808,2024-06-20 16:23:03,52.2921072,024,56.24081742766402,10.0
525,21.1256539,7885,2024-06-20 16:18:28,52.2326875,319,55.077034241243766,10.0
182,21.072246,7874,2024-06-20 16:11:20,52.2310205,4,52.4552942546955,10.0
182,21.0619231,7874,2024-06-20 16:09:24,52.2282226,4,51.053705775570066,10.0
525,21.039779,7873,2024-06-20 16:19:27,52.2233185,012,53.978259291765,10.0
143,21.0324907,7870,2024-06-20 15:53:39,52.2210454,3,54.42157838583056,10.0
402,21.1234585,7866,2024-06-20 16:01:29,52.2323461,6,54.912877152722075,10.0
402,21.0733102,7866,2024-06-20 15:53:40,52.2035327,6,71.21730209180673,10.0
402,21.0598854,7866,2024-06-20 15:52:52,52.2015605,6,65.27038186144496,10.0
145,21.131755,7863,2024-06-20 16:04:20,52.2383121,013,51.53675435382901,10.0
145,21.1073714,7863,2024-06-20 15:55:25,52.241169,013,53.81855064228351,10.0
521,21.110089,7862,2024-06-20 16:06:30,52.2407737,4,55.68004618274619,10.0
502,21.1495994,7861,2024-06-20 16:17:42,52.2262609,719,50.27939310352425,10.0
502,21.1065459,7861,2024-06-20 16:11:01,52.2336459,719,50.81220802482752,10.0
509,20.9770647,7858,2024-06-20 15:52:26,52.313713,10,54.58887411502912,10.0
143,21.0719731,7857,2024-06-20 16:09:15,52.2313938,7,54.93215044050729,10.0
704,21.1843621,7847,2024-06-20 16:12:34,52.2250828,2,64.99945340045147,10.0
502,21.167267,8564,2024-06-20 16:11:19,52.225753,09,63.09205200200997,10.0
217,21.0660717,8552,2024-06-20 16:02:15,52.1525283,5,56.804021048180246,10.0
522,21.0162517,8518,2024-06-20 16:09:31,52.1666,011,56.44688570287169,10.0
709,21.017855,8505,2024-06-20 15:57:17,52.134863,013,51.8041154868056,10.0
731,20.975702,8455,2024-06-20 15:51:29,52.316067,479,50.18374387278834,10.0
731,20.976971,8455,2024-06-20 15:51:14,52.314354,479,50.228698648719885,10.0
731,20.984669,8455,2024-06-20 15:50:03,52.307129,479,51.391248786936245,10.0
132,21.038464,8445,2024-06-20 16:04:19,52.301399,1,56.458258059444915,10.0
132,21.043787,8445,2024-06-20 16:03:54,52.302753,1,66.17358525134638,10.0
518,20.984373,8441,2024-06-20 15:50:00,52.307533,010,56.644768854050305,10.0
402,21.120131,8356,2024-06-20 16:19:01,52.231794,8,62.92626309509219,10.0
402,21.116395,8356,2024-06-20 16:18:41,52.229638,8,65.63664586569251,10.0
402,21.08323,8356,2024-06-20 16:13:00,52.206533,8,57.46909688141885,10.0
148,21.0893167,8350,2024-06-20 15:50:41,52.21253,3,51.311787147133856,10.0
148,21.08013,8342,2024-06-20 15:50:13,52.20492,6,64.20274006551917,10.0
709,21.0190991,8310,2024-06-20 15:49:18,52.095156,014,50.51068276424576,10.0
720,21.107397,8845,2024-06-20 16:19:57,52.2413135,2,53.97750919584748,9.0
520,21.061188,8850,2024-06-20 16:03:01,52.2280741,011,51.11523166582078,9.0
514,21.1063713,8853,2024-06-20 15:55:17,52.2336585,1,70.60800438052122,9.0
340,21.0849801,8866,2024-06-20 16:17:39,52.2985171,06,53.29081984230887,9.0
140,21.084299,8878,2024-06-20 15:53:49,52.2976675,07,52.747842667990284,9.0
217,21.0649378,8884,2024-06-20 16:12:21,52.1520586,1,52.75198889712359,9.0
305,21.146381,9201,2024-06-20 15:55:36,52.226332,1,55.10475678929157,9.0
305,21.148792,9201,2024-06-20 15:55:47,52.226267,1,53.79596893081898,9.0
176,21.015749,9401,2024-06-20 16:12:37,52.29467,04,74.6286768022514,9.0
326,20.985432,9415,2024-06-20 16:19:53,52.283012,06,81.3407246405587,9.0
326,20.981043,9440,2024-06-20 15:56:10,52.281029,3,54.37255785626691,9.0
326,20.970917,9440,2024-06-20 15:57:31,52.275791,3,60.853660507869684,9.0
326,21.039135,9454,2024-06-20 15:48:58,52.301521,5,53.20613257997984,9.0
326,21.039217,9454,2024-06-20 16:08:41,52.301289,5,62.378133476918066,9.0
226,21.046616,9458,2024-06-20 16:00:52,52.303135,2,63.78365703940939,9.0
226,21.036524,9694,2024-06-20 15:55:22,52.300926,3,63.4517752558777,9.0
145,21.0104767,7859,2024-06-20 15:50:28,52.2926362,1,52.27598612132157,9.0
502,21.1718807,7861,2024-06-20 16:22:16,52.2255351,719,56.338150643366475,9.0
502,21.1851496,7861,2024-06-20 16:23:15,52.2250605,719,55.759699994440766,9.0
402,21.0698997,7866,2024-06-20 15:53:28,52.2030979,6,70.7589297210908,9.0
402,21.0976085,7866,2024-06-20 15:56:29,52.2174987,6,74.08785554050891,9.0
143,21.1067869,7870,2024-06-20 16:13:36,52.2412977,3,59.87838223364244,9.0
525,21.0419494,7873,2024-06-20 16:19:16,52.2239761,012,61.18544908556827,9.0
182,21.001399,7874,2024-06-20 15:53:39,52.2169278,4,56.65253770029771,9.0
514,21.042038,7884,2024-06-20 15:50:25,52.223968,2,62.017876758153264,9.0
514,21.038416,7884,2024-06-20 15:50:45,52.222758,2,50.583531118315456,9.0
143,21.001274,8311,2024-06-20 15:54:57,52.2169281,4,53.35772814737067,9.0
317,21.0760545,8317,2024-06-20 15:50:41,52.1678771,4,59.31087468732585,9.0
138,21.0383206,8325,2024-06-20 16:08:43,52.222743,9,50.32718632131945,9.0
709,21.0180911,8328,2024-06-20 16:07:56,52.1345735,2,65.29788365669236,9.0
709,21.019087,8329,2024-06-20 16:14:39,52.0953176,011,53.15343406688297,9.0
402,21.097493,8356,2024-06-20 16:15:00,52.217453,8,60.4066635083031,9.0
502,21.17362,8564,2024-06-20 16:10:55,52.2255053,09,65.82034522116452,9.0
502,21.1688067,8564,2024-06-20 16:11:13,52.225684,09,65.68988676972543,9.0
521,21.1753083,8569,2024-06-20 15:57:56,52.197045,6,56.16895523492128,9.0
411,21.1266767,8571,2024-06-20 16:02:26,52.2325767,466,67.54462215065323,9.0
402,21.0827217,8577,2024-06-20 15:58:59,52.2061633,7,67.79534974956046,9.0
402,21.1201533,8577,2024-06-20 16:04:54,52.2317267,7,66.84565082061052,9.0
518,20.9700483,8584,2024-06-20 16:10:03,52.2753067,6,52.84335586564483,9.0
709,21.0187383,8816,2024-06-20 15:50:55,52.094937,422,54.28771065595762,9.0
525,21.1489413,8829,2024-06-20 15:54:19,52.2262743,09,59.28157518336772,9.0
158,21.0929261,8835,2024-06-20 16:01:23,52.2352441,7,52.1396609108064,9.0
143,21.1320436,8841,2024-06-20 16:17:26,52.2394143,8,56.632146942279476,9.0
226,21.046576,9694,2024-06-20 16:20:37,52.303139,3,67.03039047606212,9.0
226,21.039492,9699,2024-06-20 16:18:53,52.301651,1,72.0365242592178,9.0
167,20.95819,9802,2024-06-20 15:57:30,52.22428,9,53.01409463258782,9.0
186,21.001001,9904,2024-06-20 16:03:29,52.292717,2,54.588511369177546,9.0
186,20.957933,9910,2024-06-20 15:52:48,52.223766,494,62.758863563173975,9.0
225,21.129231,1000,2024-06-20 15:51:05,52.236041,503,53.16422915452988,9.0
192,21.017725,1028,2024-06-20 15:49:29,52.168224,1,56.1411585436736,9.0
192,21.019203,1064,2024-06-20 16:11:37,52.170635,2,57.64599518579687,9.0
263,21.065105,1220,2024-06-20 16:05:58,52.152241,2,55.601640035585085,9.0
319,21.180485,1413,2024-06-20 16:10:13,52.191868,02,50.14851274248789,9.0
119,21.0618551,1414,2024-06-20 15:59:35,52.2019509,2,70.16034317192347,9.0
119,21.098145,1414,2024-06-20 16:04:07,52.216911,2,55.50300478581935,9.0
168,21.089069,1423,2024-06-20 15:48:56,52.212296,08,58.30834977893476,9.0
168,21.086573,1423,2024-06-20 15:49:12,52.210297,08,62.97176776864736,9.0
173,21.108858,1429,2024-06-20 16:12:22,52.241062,9,59.98379293636233,9.0
156,20.9759036,1501,2024-06-20 16:01:22,52.2781073,6,52.986072211106574,9.0
156,21.0102903,1501,2024-06-20 16:05:57,52.2926005,6,50.333231802120494,9.0
123,21.0484696,1816,2024-06-20 15:58:11,52.245137,6,54.048173555646144,9.0
730,21.1399226,1855,2024-06-20 16:15:30,52.2285445,52,51.49338514776152,9.0
730,21.1703631,1855,2024-06-20 16:20:03,52.2255731,52,72.98400031654556,9.0
331,20.9858639,1904,2024-06-20 16:22:27,52.1639974,01,61.192809966464345,9.0
251,21.0760967,1908,2024-06-20 15:50:54,52.167862,63,50.321830325749644,9.0
319,21.065353,1991,2024-06-20 15:58:07,52.152302,08,54.350506012908674,9.0
319,21.174788,1996,2024-06-20 15:50:26,52.197662,03,52.501013912720104,9.0
319,21.180496,1996,2024-06-20 16:23:23,52.191887,03,54.45028555002363,9.0
168,21.082638,2023,2024-06-20 16:03:53,52.206345,1,53.31910461206101,9.0
168,21.071978,2023,2024-06-20 16:04:44,52.203636,1,53.172001479328834,9.0
168,21.0975284,2025,2024-06-20 16:02:05,52.2174101,3,61.041630759343974,9.0
217,21.066214,2027,2024-06-20 16:22:24,52.152611,2,61.68948952019227,9.0
148,21.088299,2032,2024-06-20 16:22:50,52.211868,5,69.40212260431335,9.0
709,21.017849,2037,2024-06-20 15:51:29,52.133896,5,54.47938155745352,9.0
709,21.018806,2037,2024-06-20 16:01:43,52.094856,5,56.52354457813913,9.0
217,21.06531,2046,2024-06-20 15:50:24,52.152203,07,88.61465505771788,9.0
401,20.984768,2215,2024-06-20 16:07:56,52.181793,012,59.78237796764257,9.0
523,21.041245,2228,2024-06-20 16:06:18,52.223686,714,50.41957691400432,9.0
523,20.958307,2246,2024-06-20 15:53:52,52.22382,7,52.01027373184203,9.0
132,21.0100056,3419,2024-06-20 16:05:19,52.2925623,3,55.337719820357584,9.0
414,21.0103706,3424,2024-06-20 16:00:00,52.2926536,06,52.766609779119534,9.0
414,21.0124031,3424,2024-06-20 16:00:10,52.293274,06,55.61542411040934,9.0
509,20.9846683,3428,2024-06-20 16:06:28,52.307252,1,56.119203525204775,9.0
512,21.056486,3436,2024-06-20 16:15:02,52.2644496,1,50.89026643726193,9.0
112,21.0165093,3439,2024-06-20 16:11:38,52.294434,3,50.08746662215901,9.0
509,20.9844998,3442,2024-06-20 16:18:50,52.3073896,2,56.76312122047225,9.0
509,21.049886,3445,2024-06-20 15:53:35,52.2419176,8,60.50471920301292,9.0
509,21.0025845,3468,2024-06-20 15:54:03,52.2909211,020,55.20556803927757,9.0
183,21.1291547,4302,2024-06-20 16:06:11,52.2361067,6,51.655097578220804,9.0
319,21.1755427,4303,2024-06-20 16:10:10,52.1968172,04,66.15804076033287,9.0
119,21.0697929,4306,2024-06-20 16:00:16,52.2034361,4,76.61344095191137,9.0
722,21.172334,4313,2024-06-20 15:53:12,52.2254748,61,62.51547866150848,9.0
168,21.0827225,4323,2024-06-20 16:16:19,52.2061521,4,61.32763117579778,9.0
173,21.1309897,4324,2024-06-20 15:56:39,52.2381231,012,53.16243791973687,9.0
134,21.016764,4402,2024-06-20 16:23:14,52.294704,3,52.95229762222479,9.0
126,21.016111,4408,2024-06-20 16:07:56,52.294796,3,69.77795282181971,9.0
134,21.042339,4425,2024-06-20 16:21:54,52.302357,1,77.19874295451406,9.0
134,21.036562,4425,2024-06-20 16:22:17,52.300938,1,59.96952683389022,9.0
156,21.016365,4430,2024-06-20 16:23:14,52.294876,3,51.7073136880285,9.0
523,20.9584847,5229,2024-06-20 15:56:59,52.223415,8,58.609090233287716,9.0
523,20.958568,5231,2024-06-20 16:07:56,52.222488,023,61.11397412251255,9.0
523,21.068703,5250,2024-06-20 16:14:47,52.230204,13,52.399981423502425,9.0
523,21.038583,5250,2024-06-20 16:18:27,52.222788,13,62.092335394106854,9.0
160,21.053284,5403,2024-06-20 16:03:06,52.26292,518,54.04353621942907,9.0
160,21.019457,5403,2024-06-20 16:10:30,52.24823,518,51.34252799877969,9.0
140,21.084805,5419,2024-06-20 16:05:58,52.298542,2,67.97129057772099,9.0
145,21.109928,5425,2024-06-20 16:13:37,52.240814,10,50.738327917070585,9.0
E-2,21.0764805,5429,2024-06-20 15:56:03,52.1679745,02,58.942444843305196,9.0
112,21.009598,5443,2024-06-20 16:08:08,52.292442,7,50.1286006189877,9.0
112,21.01236,5443,2024-06-20 16:08:23,52.293278,7,50.30061553347561,9.0
140,21.084793,5446,2024-06-20 16:13:36,52.298313,09,53.96071484876216,9.0
132,20.982826,5453,2024-06-20 16:12:24,52.281536,09,56.60118101779208,9.0
511,20.955833,5457,2024-06-20 16:15:28,52.308884,2,64.36063235728875,9.0
116,21.083284,5900,2024-06-20 15:49:02,52.166225,3,98.06055168241096,9.0
116,21.0765,5900,2024-06-20 15:55:59,52.167984,3,51.40164632520209,9.0
E-2,21.082273,5911,2024-06-20 16:11:11,52.166512,03,57.23825057883019,9.0
116,21.076452,5924,2024-06-20 16:20:06,52.167984,6,63.48808712947648,9.0
116,21.077356,5929,2024-06-20 16:09:59,52.16782,4,51.30328905321467,9.0
518,20.977291,5969,2024-06-20 16:22:26,52.313377,08,64.86121244836359,9.0
116,20.965927,5987,2024-06-20 16:22:25,52.273685,13,54.72573923922404,9.0
518,20.9779,5992,2024-06-20 16:07:59,52.3131,2,50.03539530906598,9.0
145,21.009504,5996,2024-06-20 15:48:50,52.282784,015,55.09940531489465,9.0
189,20.9692065,6202,2024-06-20 16:06:00,52.1866549,7,50.45406176351666,9.0
523,21.042816,6206,2024-06-20 15:54:02,52.224163,10,61.73493114468288,9.0
189,20.968985,6221,2024-06-20 16:12:14,52.186714,8,50.84481198211095,9.0
187,21.031981,6239,2024-06-20 15:58:20,52.221092,4,50.86898816885385,9.0
186,20.969931,7203,2024-06-20 16:06:21,52.275249,017,63.53503271472132,9.0
414,20.958038,7231,2024-06-20 16:18:40,52.22332,03,56.125778450199434,9.0
521,21.175205,7250,2024-06-20 16:14:51,52.197174,5,76.901304822998,9.0
411,21.070099,7305,2024-06-20 16:03:19,52.203308,04,54.94488539571799,9.0
411,21.061689,7305,2024-06-20 16:03:51,52.202141,04,67.81114876524079,9.0
402,21.073154,7318,2024-06-20 16:05:22,52.203537,010,86.9263017454654,9.0
402,21.09753,7318,2024-06-20 16:07:48,52.217464,010,75.21908315335176,9.0
125,21.106949,7335,2024-06-20 16:06:09,52.241287,3,95.58881153362371,9.0
125,21.148878,7335,2024-06-20 16:14:43,52.226299,3,56.873425820226814,9.0
523,21.0025781,7707,2024-06-20 16:05:42,52.2170306,1,61.769791090796396,9.0
502,21.1394281,7708,2024-06-20 16:07:25,52.2287266,467,50.240455073350475,9.0
502,21.1490071,7708,2024-06-20 16:08:46,52.2262516,467,52.034924183307346,9.0
188,21.0780547,7728,2024-06-20 16:04:59,52.23473,6,56.97714985321095,9.0
148,20.9859049,7731,2024-06-20 15:55:51,52.1637921,010,52.22070127784641,9.0
E-1,21.0418562,7733,2024-06-20 15:56:02,52.2396885,01,56.92513749982113,9.0
E-1,21.0417811,7733,2024-06-20 16:08:25,52.2394974,01,58.4316862196228,9.0
523,20.9596527,7735,2024-06-20 16:11:13,52.2207049,018,57.206638885561425,9.0
523,21.0026017,7735,2024-06-20 16:21:41,52.2170099,018,64.48957721047117,9.0
E-1,21.042029,7743,2024-06-20 16:19:53,52.239492,03,51.44978071219845,9.0
521,21.175409,7744,2024-06-20 15:59:25,52.19692,010,53.52552367299231,9.0
525,21.1409515,7753,2024-06-20 15:51:18,52.2283009,8,61.85677141827256,9.0
525,21.0387872,7753,2024-06-20 16:10:32,52.2229376,8,53.1942531518584,9.0
525,21.0272075,7753,2024-06-20 16:12:03,52.2199209,8,51.65266016760983,9.0
514,21.0931782,7800,2024-06-20 16:12:38,52.2353929,3,50.60728936373392,9.0
509,21.0023542,7808,2024-06-20 16:23:15,52.2907315,024,53.71835010491832,9.0
402,21.0718871,7814,2024-06-20 16:06:00,52.2035431,4,65.48691319587977,9.0
521,21.1754296,7816,2024-06-20 16:06:25,52.1969273,011,63.65114387839302,9.0
151,21.0610956,7817,2024-06-20 15:54:04,52.2280347,2,54.61312162128514,9.0
168,21.0883417,7827,2024-06-20 16:18:54,52.2118487,2,74.9962766008772,9.0
525,21.1061284,7837,2024-06-20 15:58:59,52.2337145,4,55.76039812744494,9.0
704,21.174605,7843,2024-06-20 15:53:28,52.2255117,03,60.49216398213912,9.0
704,21.1688509,7843,2024-06-20 15:53:51,52.225716,03,61.36537408325563,9.0
411,21.2006372,7844,2024-06-20 15:55:01,52.2246124,463,74.72708831359914,9.0
411,21.1659379,7844,2024-06-20 15:57:00,52.2258364,463,68.32849106871562,9.0
411,21.0387584,7844,2024-06-20 16:19:53,52.2229437,463,62.063381298569745,9.0
704,21.1699795,7847,2024-06-20 16:11:35,52.2255843,2,55.793762006497076,9.0
704,21.1723513,7847,2024-06-20 16:11:45,52.2254971,2,58.262792744315604,9.0
145,21.1309742,7854,2024-06-20 15:58:23,52.2381479,014,55.166379955875136,9.0
402,21.1164607,8365,2024-06-20 16:20:31,52.2299267,5,69.25154520039948,9.0
509,20.977236,8452,2024-06-20 15:58:45,52.313374,11,51.42317010539514,9.0
132,21.047865,8453,2024-06-20 15:56:26,52.303772,5,51.60067364358033,9.0
132,21.045971,8453,2024-06-20 15:56:36,52.303272,5,50.49657614214522,9.0
132,21.036081,8453,2024-06-20 15:57:21,52.300846,5,83.04375921076425,9.0
731,20.977825,8455,2024-06-20 15:51:04,52.313213,479,57.38873679364455,9.0
705,20.975889,8460,2024-06-20 15:52:49,52.27811,07,56.09075133192892,9.0
705,20.981436,8460,2024-06-20 15:53:47,52.280819,07,51.114717210037824,9.0
502,21.1800519,8564,2024-06-20 16:10:31,52.2252817,09,66.87400038860468,9.0
186,20.982138,9927,2024-06-20 15:49:39,52.281216,1,57.224164515526844,9.0
186,20.959696,9932,2024-06-20 16:09:52,52.220261,8,79.53561397253638,9.0
186,20.970816,9937,2024-06-20 16:13:48,52.2757,11,51.53657410683032,9.0
112,21.001423,9938,2024-06-20 16:11:04,52.289799,014,62.464375214762704,9.0
